id,name,floor,create_at,last_update_at
1,101,1,1542810220,1542810220
2,102,1,1542810220,1542810220
3,103,1,1542810220,1542810220
4,104,1,1542810220,1542810220
5,105,1,1542810220,1542810220
6,106,1,1542810220,1542810220
7,107,1,1542810220,1542810220
8,108,1,1542810220,1542810220
9,109,1,1542810220,1542810220
10,110,1,1542810220,1542810220
11,111,1,1542810220,1542810220
12,112,1,1542810220,1542810220
13,113,1,1542810220,1542810220
14,114,1,1542810220,1542810220
15,115,1,1542810220,1542810220
16,201,2,1542810220,1542810220
17,202,2,1542810220,1542810220
18,203,2,1542810220,1542810220
19,204,2,1542810220,1542810220
20,205,2,1542810220,1542810220
21,206,2,1542810220,1542810220
22,207,2,1542810220,1542810220
23,208,2,1542810220,1542810220
24,209,2,1542810220,1542810220
25,210,2,1542810220,1542810220
26,211,2,1542810220,1542810220
27,212,2,1542810220,1542810220
28,213,2,1542810220,1542810220
29,214,2,1542810220,1542810220
30,215,2,1542810220,1542810220
31,301,3,1542810220,1542810220
32,302,3,1542810220,1542810220
33,303,3,1542810220,1542810220
34,304,3,1542810220,1542810220
35,305,3,1542810220,1542810220
36,306,3,1542810220,1542810220
37,307,3,1542810220,1542810220
38,308,3,1542810220,1542810220
39,309,3,1542810220,1542810220
40,310,3,1542810220,1542810220
41,311,3,1542810220,1542810220
42,312,3,1542810220,1542810220
43,313,3,1542810220,1542810220
44,314,3,1542810220,1542810220
45,315,3,1542810220,1542810220
46,401,4,1542810220,1542810220
47,402,4,1542810220,1542810220
48,403,4,1542810220,1542810220
49,404,4,1542810220,1542810220
50,405,4,1542810220,1542810220
51,406,4,1542810220,1542810220
52,407,4,1542810220,1542810220
53,408,4,1542810220,1542810220
54,409,4,1542810220,1542810220
55,410,4,1542810220,1542810220
56,411,4,1542810220,1542810220
57,412,4,1542810220,1542810220
58,413,4,1542810220,1542810220
59,414,4,1542810220,1542810220
60,415,4,1542810220,1542810220
61,501,5,1542810220,1542810220
62,502,5,1542810220,1542810220
63,503,5,1542810220,1542810220
64,504,5,1542810220,1542810220
65,505,5,1542810220,1542810220
66,506,5,1542810220,1542810220
67,507,5,1542810220,1542810220
68,508,5,1542810220,1542810220
69,509,5,1542810220,1542810220
70,510,5,1542810220,1542810220
71,511,5,1542810220,1542810220
72,512,5,1542810220,1542810220
73,513,5,1542810220,1542810220
74,514,5,1542810220,1542810220
75,515,5,1542810220,1542810220
76,601,6,1542810220,1542810220
77,602,6,1542810220,1542810220
78,603,6,1542810220,1542810220
79,604,6,1542810220,1542810220
80,605,6,1542810220,1542810220
81,606,6,1542810220,1542810220
82,607,6,1542810220,1542810220
83,608,6,1542810220,1542810220
84,609,6,1542810220,1542810220
85,610,6,1542810220,1542810220
86,611,6,1542810220,1542810220
87,612,6,1542810220,1542810220
88,613,6,1542810220,1542810220
89,614,6,1542810220,1542810220
90,615,6,1542810220,1542810220
91,701,7,1542810220,1542810220
92,702,7,1542810220,1542810220
93,703,7,1542810220,1542810220
94,704,7,1542810220,1542810220
95,705,7,1542810220,1542810220
96,706,7,1542810220,1542810220
97,707,7,1542810220,1542810220
98,708,7,1542810220,1542810220
99,709,7,1542810220,1542810220
100,710,7,1542810220,1542810220
101,711,7,1542810220,1542810220
102,712,7,1542810220,1542810220
103,713,7,1542810220,1542810220
104,714,7,1542810220,1542810220
105,715,7,1542810220,1542810220
106,801,8,1542810220,1542810220
107,802,8,1542810220,1542810220
108,803,8,1542810220,1542810220
109,804,8,1542810220,1542810220
110,805,8,1542810220,1542810220
111,806,8,1542810220,1542810220
112,807,8,1542810220,1542810220
113,808,8,1542810220,1542810220
114,809,8,1542810220,1542810220
115,810,8,1542810220,1542810220
116,811,8,1542810220,1542810220
117,812,8,1542810220,1542810220
118,813,8,1542810220,1542810220
119,814,8,1542810220,1542810220
120,815,8,1542810220,1542810220
121,901,9,1542810220,1542810220
122,902,9,1542810220,1542810220
123,903,9,1542810220,1542810220
124,904,9,1542810220,1542810220
125,905,9,1542810220,1542810220
126,906,9,1542810220,1542810220
127,907,9,1542810220,1542810220
128,908,9,1542810220,1542810220
129,909,9,1542810220,1542810220
130,910,9,1542810220,1542810220
131,911,9,1542810220,1542810220
132,912,9,1542810220,1542810220
133,913,9,1542810220,1542810220
134,914,9,1542810220,1542810220
135,915,9,1542810220,1542810220
136,1001,10,1542810220,1542810220
137,1002,10,1542810220,1542810220
138,1003,10,1542810220,1542810220
139,1004,10,1542810220,1542810220
140,1005,10,1542810220,1542810220
141,1006,10,1542810220,1542810220
142,1007,10,1542810220,1542810220
143,1008,10,1542810220,1542810220
144,1009,10,1542810220,1542810220
145,1010,10,1542810220,1542810220
146,1011,10,1542810220,1542810220
147,1012,10,1542810220,1542810220
148,1013,10,1542810220,1542810220
149,1014,10,1542810220,1542810220
150,1015,10,1542810220,1542810220
151,1101,11,1542810220,1542810220
152,1102,11,1542810220,1542810220
153,1103,11,1542810220,1542810220
154,1104,11,1542810220,1542810220
155,1105,11,1542810220,1542810220
156,1106,11,1542810220,1542810220
157,1107,11,1542810220,1542810220
158,1108,11,1542810220,1542810220
159,1109,11,1542810220,1542810220
160,1110,11,1542810220,1542810220
161,1111,11,1542810220,1542810220
162,1112,11,1542810220,1542810220
163,1113,11,1542810220,1542810220
164,1114,11,1542810220,1542810220
165,1115,11,1542810220,1542810220
166,1201,12,1542810220,1542810220
167,1202,12,1542810220,1542810220
168,1203,12,1542810220,1542810220
169,1204,12,1542810220,1542810220
170,1205,12,1542810220,1542810220
171,1206,12,1542810220,1542810220
172,1207,12,1542810220,1542810220
173,1208,12,1542810220,1542810220
174,1209,12,1542810220,1542810220
175,1210,12,1542810220,1542810220
176,1211,12,1542810220,1542810220
177,1212,12,1542810220,1542810220
178,1213,12,1542810220,1542810220
179,1214,12,1542810220,1542810220
180,1215,12,1542810220,1542810220
181,1301,13,1542810220,1542810220
182,1302,13,1542810220,1542810220
183,1303,13,1542810220,1542810220
184,1304,13,1542810220,1542810220
185,1305,13,1542810220,1542810220
186,1306,13,1542810220,1542810220
187,1307,13,1542810220,1542810220
188,1308,13,1542810220,1542810220
189,1309,13,1542810220,1542810220
190,1310,13,1542810220,1542810220
191,1311,13,1542810220,1542810220
192,1312,13,1542810220,1542810220
193,1313,13,1542810220,1542810220
194,1314,13,1542810220,1542810220
195,1315,13,1542810220,1542810220
196,1401,14,1542810220,1542810220
197,1402,14,1542810220,1542810220
198,1403,14,1542810220,1542810220
199,1404,14,1542810220,1542810220
200,1405,14,1542810220,1542810220
201,1406,14,1542810220,1542810220
202,1407,14,1542810220,1542810220
203,1408,14,1542810220,1542810220
204,1409,14,1542810220,1542810220
205,1410,14,1542810220,1542810220
206,1411,14,1542810220,1542810220
207,1412,14,1542810220,1542810220
208,1413,14,1542810220,1542810220
209,1414,14,1542810220,1542810220
210,1415,14,1542810220,1542810220
211,1501,15,1542810220,1542810220
212,1502,15,1542810220,1542810220
213,1503,15,1542810220,1542810220
214,1504,15,1542810220,1542810220
215,1505,15,1542810220,1542810220
216,1506,15,1542810220,1542810220
217,1507,15,1542810220,1542810220
218,1508,15,1542810220,1542810220
219,1509,15,1542810220,1542810220
220,1510,15,1542810220,1542810220
221,1511,15,1542810220,1542810220
222,1512,15,1542810220,1542810220
223,1513,15,1542810220,1542810220
224,1514,15,1542810220,1542810220
225,1515,15,1542810220,1542810220
226,1601,16,1542810220,1542810220
227,1602,16,1542810220,1542810220
228,1603,16,1542810220,1542810220
229,1604,16,1542810220,1542810220
230,1605,16,1542810220,1542810220
231,1606,16,1542810220,1542810220
232,1607,16,1542810220,1542810220
233,1608,16,1542810220,1542810220
234,1609,16,1542810220,1542810220
235,1610,16,1542810220,1542810220
236,1611,16,1542810220,1542810220
237,1612,16,1542810220,1542810220
238,1613,16,1542810220,1542810220
239,1614,16,1542810220,1542810220
240,1615,16,1542810220,1542810220
241,1701,17,1542810220,1542810220
242,1702,17,1542810220,1542810220
243,1703,17,1542810220,1542810220
244,1704,17,1542810220,1542810220
245,1705,17,1542810220,1542810220
246,1706,17,1542810220,1542810220
247,1707,17,1542810220,1542810220
248,1708,17,1542810220,1542810220
249,1709,17,1542810220,1542810220
250,1710,17,1542810220,1542810220
251,1711,17,1542810220,1542810220
252,1712,17,1542810220,1542810220
253,1713,17,1542810220,1542810220
254,1714,17,1542810220,1542810220
255,1715,17,1542810220,1542810220
256,1801,18,1542810220,1542810220
257,1802,18,1542810220,1542810220
258,1803,18,1542810220,1542810220
259,1804,18,1542810220,1542810220
260,1805,18,1542810220,1542810220
261,1806,18,1542810220,1542810220
262,1807,18,1542810220,1542810220
263,1808,18,1542810220,1542810220
264,1809,18,1542810220,1542810220
265,1810,18,1542810220,1542810220
266,1811,18,1542810220,1542810220
267,1812,18,1542810220,1542810220
268,1813,18,1542810220,1542810220
269,1814,18,1542810220,1542810220
270,1815,18,1542810220,1542810220
271,1901,19,1542810220,1542810220
272,1902,19,1542810220,1542810220
273,1903,19,1542810220,1542810220
274,1904,19,1542810220,1542810220
275,1905,19,1542810220,1542810220
276,1906,19,1542810220,1542810220
277,1907,19,1542810220,1542810220
278,1908,19,1542810220,1542810220
279,1909,19,1542810220,1542810220
280,1910,19,1542810220,1542810220
281,1911,19,1542810220,1542810220
282,1912,19,1542810220,1542810220
283,1913,19,1542810220,1542810220
284,1914,19,1542810220,1542810220
285,1915,19,1542810220,1542810220
286,2001,20,1542810220,1542810220
287,2002,20,1542810220,1542810220
288,2003,20,1542810220,1542810220
289,2004,20,1542810220,1542810220
290,2005,20,1542810220,1542810220
291,2006,20,1542810220,1542810220
292,2007,20,1542810220,1542810220
293,2008,20,1542810220,1542810220
294,2009,20,1542810220,1542810220
295,2010,20,1542810220,1542810220
296,2011,20,1542810220,1542810220
297,2012,20,1542810220,1542810220
298,2013,20,1542810220,1542810220
299,2014,20,1542810220,1542810220
300,2015,20,1542810220,1542810220
