# ************************************************************
# Sequel Pro SQL dump
# Version 5422
#
# https://www.sequelpro.com/
# https://github.com/sequelpro/sequelpro
#
# Host: 127.0.0.1 (MySQL 8.0.11)
# Database: cs_hotel
# Generation Time: 2018-11-23 07:46:23 +0000
# ************************************************************


/*!40101 SET @OLD_CHARACTER_SET_CLIENT=@@CHARACTER_SET_CLIENT */;
/*!40101 SET @OLD_CHARACTER_SET_RESULTS=@@CHARACTER_SET_RESULTS */;
/*!40101 SET @OLD_COLLATION_CONNECTION=@@COLLATION_CONNECTION */;
/*!40101 SET NAMES utf8 */;
SET NAMES utf8mb4;
/*!40014 SET @OLD_FOREIGN_KEY_CHECKS=@@FOREIGN_KEY_CHECKS, FOREIGN_KEY_CHECKS=0 */;
/*!40101 SET @OLD_SQL_MODE=@@SQL_MODE, SQL_MODE='NO_AUTO_VALUE_ON_ZERO' */;
/*!40111 SET @OLD_SQL_NOTES=@@SQL_NOTES, SQL_NOTES=0 */;


# Dump of table category
# ------------------------------------------------------------

DROP TABLE IF EXISTS `category`;

CREATE TABLE `category` (
  `id` int(11) unsigned NOT NULL AUTO_INCREMENT,
  `name` varchar(255) CHARACTER SET utf8mb4 COLLATE utf8mb4_unicode_ci NOT NULL DEFAULT '',
  `create_at` int(11) NOT NULL,
  `delete_at` int(11) DEFAULT NULL,
  PRIMARY KEY (`id`)
) ENGINE=InnoDB DEFAULT CHARSET=utf8mb4 COLLATE=utf8mb4_unicode_ci;

LOCK TABLES `category` WRITE;
/*!40000 ALTER TABLE `category` DISABLE KEYS */;

INSERT INTO `category` (`id`, `name`, `create_at`, `delete_at`)
VALUES
	(1,'莎士雷可',1542809125,0),
	(2,'俄式面包烘培',1542809125,0),
	(3,'汤品',1542809125,0),
	(4,'沙拉类',1542809125,0),
	(5,'开胃头盘类',1542809125,0),
	(6,'主菜',1542809125,0),
	(7,'佐餐蔬菜',1542809125,0),
	(8,'主食',1542809125,0),
	(9,'俄式大薄饼披萨',1542809125,0),
	(10,'餐后甜品',1542809125,0),
	(11,'轻食',1542809125,0),
	(12,'乌冬面',1542809126,0),
	(13,'日式丼',1542809126,0),
	(14,'经典咖喱',1542809126,0),
	(15,'超值套餐',1542809126,0),
	(16,'天妇罗',1542809126,0),
	(17,'精美小食',1542809126,0),
	(18,'饭团寿司',1542809126,0),
	(19,'饮料',1542809126,0),
	(20,'水果沙拉',1542809126,0),
	(21,'单果鲜切',1542809126,0),
	(22,'果切拼盘',1542809126,0),
	(23,'送礼果篮，礼盒',1542809126,0),
	(24,'苹果香蕉梨',1542809126,0),
	(25,'平安果系列',1542809126,0),
	(26,'商务套餐系列',1542809126,0),
	(27,'葡提桨果',1542809126,0),
	(28,'芒橙柑桔柚',1542809126,0),
	(29,'樱桃 荔枝 葡提拼盘',1542809126,0),
	(30,'鲜切六拼',1542809126,0),
	(31,'鲜切四拼',1542809126,0),
	(32,'鲜果单切',1542809126,0),
	(33,'鲜切五拼',1542809126,0),
	(34,'小零食',1542809126,0),
	(35,'单品汉堡',1542809126,0),
	(36,'套餐汉堡',1542809126,0),
	(37,'甜点小吃',1542809126,0),
	(38,'饮品系列',1542809126,0),
	(39,'超人气组合餐',1542809126,0),
	(40,'超人气组合套餐',1542809126,0),
	(41,'甜品小吃',1542809126,0),
	(42,'找醇茶',1542809128,0),
	(43,'找好茶',1542809128,0),
	(44,'找奶茶',1542809128,0),
	(45,'找口感',1542809128,0),
	(46,'找鲜奶',1542809128,0),
	(47,'找新鲜',1542809128,0),
	(48,'锅底类',1542809128,0),
	(49,'锅具类',1542809128,0),
	(50,'网红必选小料',1542809128,0),
	(51,'小料类',1542809128,0),
	(52,'牛羊肉类',1542809128,0),
	(53,'特色菜类',1542809128,0),
	(54,'经典火锅菜类',1542809128,0),
	(55,'丸滑类',1542809128,0),
	(56,'海鲜/河鲜类',1542809128,0),
	(57,'根茎与菌类',1542809128,0),
	(58,'豆制品类',1542809128,0),
	(59,'叶菜类',1542809128,0),
	(60,'小吃类',1542809128,0),
	(61,'饮品类',1542809128,0);

/*!40000 ALTER TABLE `category` ENABLE KEYS */;
UNLOCK TABLES;


# Dump of table food
# ------------------------------------------------------------

DROP TABLE IF EXISTS `food`;

CREATE TABLE `food` (
  `id` int(11) unsigned NOT NULL AUTO_INCREMENT,
  `name` varchar(200) CHARACTER SET utf8mb4 COLLATE utf8mb4_unicode_ci NOT NULL DEFAULT '未知菜品',
  `unit_price` float NOT NULL DEFAULT '0',
  `category` int(11) DEFAULT NULL,
  `img_url` varchar(255) CHARACTER SET utf8mb4 COLLATE utf8mb4_unicode_ci DEFAULT NULL,
  `create_at` int(11) NOT NULL,
  `delete_at` int(11) DEFAULT NULL,
  PRIMARY KEY (`id`)
) ENGINE=InnoDB DEFAULT CHARSET=utf8mb4 COLLATE=utf8mb4_unicode_ci;

LOCK TABLES `food` WRITE;
/*!40000 ALTER TABLE `food` DISABLE KEYS */;

INSERT INTO `food` (`id`, `name`, `unit_price`, `category`, `img_url`, `create_at`, `delete_at`)
VALUES
	(38947688,'炫辣鸡腿堡套餐',32,36,'http://fuss10.elemecdn.com/2/9c/fccb7e464ba605b4eaf42b87858depng.png',1542884586,NULL),
	(38947692,'小皇堡套餐',29,36,'http://fuss10.elemecdn.com/0/cc/fd8f1da66ad2f9abbbd1120e18180png.png',1542884586,NULL),
	(38947694,'天椒小皇堡套餐',29,36,'http://fuss10.elemecdn.com/0/cc/fd8f1da66ad2f9abbbd1120e18180png.png',1542884586,NULL),
	(38947746,'香脆鳕鱼堡套餐',34,36,'http://fuss10.elemecdn.com/5/5e/6654c1924dbd1c186f6178ed83204png.png',1542884586,NULL),
	(82708030,'山东至尊烟台富士大盒装',88,23,'http://fuss10.elemecdn.com/5/71/bfb0ebe17bcd5b6646161ae74c124jpeg.jpeg',1542884586,NULL),
	(82708039,'祝福礼品水果盒(自由搭配)',98,23,'http://fuss10.elemecdn.com/d/bf/3cdc90dc905225cee446e258a10e4jpeg.jpeg',1542884586,NULL),
	(82708041,'精品水果篮(现配包新鲜，含多种进口水果)',188,23,'http://fuss10.elemecdn.com/e/ad/641df85d31736261e09905b031f80jpeg.jpeg',1542884586,NULL),
	(82708449,'新鲜香蕉切盒装单拼',24.8,24,'http://fuss10.elemecdn.com/b/d0/69307ce0f8dedb8c7e96bf27f8c72jpeg.jpeg',1542884586,NULL),
	(82708455,'雪梨单切果盘 400g起',6.79,33,'http://fuss10.elemecdn.com/2/a6/deabf49b09a66c816b891fee724e0jpeg.jpeg',1542884586,NULL),
	(86070775,'现切白心火龙果盒装 300g',24.8,32,'http://fuss10.elemecdn.com/c/7e/744e203797555534ecee2776c2d57jpeg.jpeg',1542884586,NULL),
	(86082169,'「鲜切」海南红心牛奶木瓜约300g',24.8,32,'http://fuss10.elemecdn.com/4/52/d896d6e2f63e7c901cdfb9fa95606jpeg.jpeg',1542884586,NULL),
	(124867597,'果木香风味火烤鸡腿堡套餐',35,37,'http://fuss10.elemecdn.com/5/ff/6000cb28d02896669211e95c9e15dpng.png',1542884586,NULL),
	(124867612,'炫辣鸡腿堡',19,35,'http://fuss10.elemecdn.com/0/d1/a82d102fb4445d4e723581a3b0f14png.png',1542884586,NULL),
	(124867620,'小皇堡',16,35,'http://fuss10.elemecdn.com/2/88/14632bd82b6b86c711bb2b523a841png.png',1542884586,NULL),
	(124867624,'天椒小皇堡',16,35,'http://fuss10.elemecdn.com/2/88/14632bd82b6b86c711bb2b523a841png.png',1542884586,NULL),
	(124867656,'香脆鳕鱼堡',19,36,'http://fuss10.elemecdn.com/f/79/a0f71b744cb11886ba788c601b293jpeg.jpeg',1542884586,NULL),
	(124867701,'洋葱圈',11,38,'http://fuss10.elemecdn.com/0/0f/f50d106d2cf8f38e62d5a5c61433epng.png',1542884586,NULL),
	(124867706,'王道川蜀鸡翅',12,37,'http://fuss10.elemecdn.com/f/fb/2216475f12e82db40d559e57c13fapng.png',1542884586,NULL),
	(124867715,'王道椒香鸡腿',12,37,'http://fuss10.elemecdn.com/e/ed/cf60fce3bca1fb41227128a076a04png.png',1542884586,NULL),
	(124867729,'百事杯装可乐（中杯)',10.5,38,'http://fuss10.elemecdn.com/b/4f/bbba03853806977fa9840d57075c2png.png',1542884586,NULL),
	(124867735,'百事杯装可乐（大杯)',12,38,'http://fuss10.elemecdn.com/b/4f/bbba03853806977fa9840d57075c2png.png',1542884586,NULL),
	(124867740,'百事杯装美年达（中杯）',10.5,38,'http://fuss10.elemecdn.com/7/c0/bcdcba6795f0c0bcdcac6091a56capng.png',1542884586,NULL),
	(124867747,'百事杯装美年达（大杯）',12,38,'http://fuss10.elemecdn.com/7/c0/bcdcba6795f0c0bcdcac6091a56capng.png',1542884586,NULL),
	(124867759,'百事杯装七喜（中杯)',10.5,39,'http://fuss10.elemecdn.com/7/aa/7fdbccfad7213d661f86bc0d1a40bpng.png',1542884586,NULL),
	(124867788,'百事杯装美年达（小杯）',8,38,'http://fuss10.elemecdn.com/7/c0/bcdcba6795f0c0bcdcac6091a56capng.png',1542884586,NULL),
	(131452901,'日式牛肉饭',25,12,'http://fuss10.elemecdn.com/c/7c/cc490b2245292270125648df98778jpeg.jpeg',1542884585,NULL),
	(131452902,'咖喱饭',23,14,'http://fuss10.elemecdn.com/1/ad/8d9d1a6cc7f4a5ef01e8ed3d29d2cjpeg.jpeg',1542884585,NULL),
	(131452904,'猪软骨番茄饭',30,13,'http://fuss10.elemecdn.com/6/97/2b03a55b3977e60eae713a9b11920jpeg.jpeg',1542884585,NULL),
	(131452905,'牛肉番茄饭',25,12,'http://fuss10.elemecdn.com/4/39/2cef843d882730d9ecfb88d613324jpeg.jpeg',1542884585,NULL),
	(131452906,'麻辣番茄饭',23,12,'http://fuss10.elemecdn.com/7/bf/496d9e1bc42a60299db086026b7adjpeg.jpeg',1542884585,NULL),
	(131452907,'清汤乌冬面',15,11,'http://fuss10.elemecdn.com/3/f9/956fcc80d259502d77c9133d7dfe6jpeg.jpeg',1542884585,NULL),
	(131452909,'牛肉乌冬面',25,11,'http://fuss10.elemecdn.com/6/a6/216d82550152ee2b853f37dc3b53cjpeg.jpeg',1542884585,NULL),
	(131452911,'高汤乌冬面',26,11,'http://fuss10.elemecdn.com/5/8e/2e33e192280582c9b57330a4ebc12jpeg.jpeg',1542884585,NULL),
	(131452915,'牛肉番茄乌冬面',28,11,'http://fuss10.elemecdn.com/b/7b/3349bc869d8e2085a35b7ec791652jpeg.jpeg',1542884585,NULL),
	(131452918,'猪软骨乌冬面',32,11,'http://fuss10.elemecdn.com/0/6d/d2462965b88ae2cb6f102b72d61f4jpeg.jpeg',1542884585,NULL),
	(131452920,'和风咖喱乌冬面',23,13,'http://fuss10.elemecdn.com/e/8f/42e043bc1a14fab8d06745fb93a20jpeg.jpeg',1542884585,NULL),
	(131452923,'酸汤肥牛乌冬面',24,11,'http://fuss10.elemecdn.com/c/a5/c2d84ce8ab90059812515d43f26e8jpeg.jpeg',1542884585,NULL),
	(131452926,'麻辣乌冬面',25,11,'http://fuss10.elemecdn.com/c/21/c8819e347f9aaafbc5b01861eb7fejpeg.jpeg',1542884585,NULL),
	(131452928,'鲜蔬乌冬面',23,11,'http://fuss10.elemecdn.com/e/0a/a060165f5314bbc137551844f54fajpeg.jpeg',1542884585,NULL),
	(131452931,'牛肉麻酱拌乌冬',27,11,'http://fuss10.elemecdn.com/1/be/0485108d19e92fb2c4cf1bac39e31jpeg.jpeg',1542884585,NULL),
	(131452935,'炸虾饼',10,16,'http://fuss10.elemecdn.com/7/0d/0db51bf6f4074deb3fe9f69a557e9jpeg.jpeg',1542884585,NULL),
	(131452942,'炸鸡肉串',9,15,'http://fuss10.elemecdn.com/e/d0/454efe08c57f735e1d8fe51abbf0bjpeg.jpeg',1542884585,NULL),
	(131452943,'吉利猪扒',9,15,'http://fuss10.elemecdn.com/e/39/87cec14fad4d441f242cf7f9263acjpeg.jpeg',1542884585,NULL),
	(131452958,'豆腐皮寿司',6,18,'http://fuss10.elemecdn.com/8/da/72f56efcba6b0377eea5f5b7c9fd7jpeg.jpeg',1542884585,NULL),
	(131452966,'无糖乌龙茶',6,19,'http://fuss10.elemecdn.com/a/e5/2ac132263d8f842bb6d134b658591jpeg.jpeg',1542884585,NULL),
	(131452967,'可口可乐',7,18,'http://fuss10.elemecdn.com/9/88/ba79eb50c67bddc714ee0bad8d81ajpeg.jpeg',1542884585,NULL),
	(137367967,'现配礼盒A',188,23,'http://fuss10.elemecdn.com/0/17/271a30e8a163cf92549d124d95da9jpeg.jpeg',1542884586,NULL),
	(137368349,'现配礼盒B',128,23,'http://fuss10.elemecdn.com/e/8d/8cf69b9664835889c4e1afe4123e7jpeg.jpeg',1542884586,NULL),
	(137368815,'豪华果篮',388,24,'http://fuss10.elemecdn.com/7/e2/5991b8429045aafdb3cb7ffeddea1jpeg.jpeg',1542884586,NULL),
	(140064732,'锅具炉具',28,50,'http://fuss10.elemecdn.com/4/ab/4886a93010c78aa1bf08981230e52jpeg.jpeg',1542884586,NULL),
	(140064736,'燃油',10,49,'http://fuss10.elemecdn.com/9/1d/64e131320cd02ffa7b137fb0f61bdjpeg.jpeg',1542884586,NULL),
	(140064758,'捞派鸭肠',20,53,'http://fuss10.elemecdn.com/e/e0/227bbc6e799f2c298191052162c41jpeg.jpeg',1542884586,NULL),
	(140064759,'捞派豆花',12,54,'http://fuss10.elemecdn.com/3/0c/d1be8b9bfc4c33f8590f4fbcf7d45jpeg.jpeg',1542884586,NULL),
	(140064761,'捞派毛肚',32,53,'http://fuss10.elemecdn.com/4/b9/a9939889595698fab9d1f781cb764jpeg.jpeg',1542884586,NULL),
	(140064771,'血旺',15,54,'http://fuss10.elemecdn.com/a/d7/8031fe6591a1d86df6f39fad5a715jpeg.jpeg',1542884586,NULL),
	(140064775,'新西兰羊肉',25,52,'http://fuss10.elemecdn.com/8/fb/bf70cd245c8bcc327430c904e07e4jpeg.jpeg',1542884586,NULL),
	(140064781,'鹌鹑蛋',15,55,'http://fuss10.elemecdn.com/b/53/9ed3844bdfa959bd2c870bd5b6eb5jpeg.jpeg',1542884586,NULL),
	(140064789,'藕片',9,57,'http://fuss10.elemecdn.com/9/71/771665c860a14023277eeb2c62e97jpeg.jpeg',1542884586,NULL),
	(140064791,'金针菇',12,57,'http://fuss10.elemecdn.com/8/2f/0ffdb9fd3d739357d143baf614de1jpeg.jpeg',1542884586,NULL),
	(140064793,'木耳',12,57,'http://fuss10.elemecdn.com/d/c9/c6efdb297167d3a0eb302fab8ad5djpeg.jpeg',1542884586,NULL),
	(140064795,'冻豆腐',11,58,'http://fuss10.elemecdn.com/2/95/0492708e1319cb587a81c0e99832ajpeg.jpeg',1542884586,NULL),
	(140064797,'红薯粉带',10,58,'http://fuss10.elemecdn.com/a/7f/f05813088ab3a66dac89e7aba557ejpeg.jpeg',1542884586,NULL),
	(140064800,'海带',9,57,'http://fuss10.elemecdn.com/c/9f/52796b009bcc3c2112878e9059cd8jpeg.jpeg',1542884586,NULL),
	(140064806,'笋片',14,57,'http://fuss10.elemecdn.com/4/84/07cdddaa402acb3d84c3b8b832c04jpeg.jpeg',1542884586,NULL),
	(140064808,'菠菜',10,59,'http://fuss10.elemecdn.com/4/74/4a75545b023a46483eca608c86918jpeg.jpeg',1542884586,NULL),
	(140064810,'五常米饭',3,60,'http://fuss10.elemecdn.com/d/6c/2df46c854b1e5abfcd44b1813eb75jpeg.jpeg',1542884586,NULL),
	(523003714,'芒果+奇异果+红心火龙果+凤梨【盒】',32.8,23,'http://fuss10.elemecdn.com/2/da/f8748fab07eed03c9f3339db14e81png.png',1542884586,NULL),
	(532708257,'鸭舌',27,54,'http://fuss10.elemecdn.com/c/62/baff5f080a6af3dd819394818d094jpeg.jpeg',1542884586,NULL),
	(533772660,'脱骨鸭掌',21,54,'http://fuss10.elemecdn.com/c/fb/b04f8ec7e14f28a182535728b806cjpeg.jpeg',1542884586,NULL),
	(549204663,'土豆',9,57,'http://fuss10.elemecdn.com/2/4e/30cb4c047d174cc1588e8a80dd42fjpeg.jpeg',1542884586,NULL),
	(550813916,'冬瓜',7,57,'http://fuss10.elemecdn.com/2/1c/bf2bfcfe5211ed3755a95bdd5e7e5jpeg.jpeg',1542884586,NULL),
	(550819074,'蟹味棒',17,54,'http://fuss10.elemecdn.com/8/3b/f5675fb56a418cb0e86f5f2625a97jpeg.jpeg',1542884586,NULL),
	(552424920,'山药',12,57,'http://fuss10.elemecdn.com/4/4e/765a2ff4ef5ec774fb0086d19683ajpeg.jpeg',1542884586,NULL),
	(552425744,'香菇',14,58,'http://fuss10.elemecdn.com/2/d8/ef104f0d04bfa832b6783c7475140jpeg.jpeg',1542884586,NULL),
	(552427340,'茼蒿',12,59,'http://fuss10.elemecdn.com/c/21/af470da16cc9cf1f6469dc9274b8djpeg.jpeg',1542884586,NULL),
	(610187734,'捞派鱼饼',14,53,'http://fuss10.elemecdn.com/c/a0/d5f78fde6614bd515a59f1854dd8ejpeg.jpeg',1542884586,NULL),
	(633141903,'草原羔羊肉',27,52,'http://fuss10.elemecdn.com/0/8e/71079e89b28b0854349d7c568c167jpeg.jpeg',1542884586,NULL),
	(633144374,'无刺巴沙鱼片',24,53,'http://fuss10.elemecdn.com/5/47/87e0de95f1bb43c5bb053e14a7128jpeg.jpeg',1542884586,NULL),
	(635586489,'美式鸡排堡',13,35,'http://fuss10.elemecdn.com/d/7a/bdac311f4df0f7de9af6ff2e4429ejpeg.jpeg',1542884586,NULL),
	(635587331,'美式鸡排堡套餐',26,36,'http://fuss10.elemecdn.com/7/13/fc42e5b905faf9226c26b98ff6cc1jpeg.jpeg',1542884586,NULL),
	(725810846,'【火】无籽玫瑰香洗净盒装 250g起',24.8,32,'http://fuss10.elemecdn.com/2/6b/0edd5f702612154a0445cb629e88apng.png',1542884586,NULL),
	(729762530,'哈蜜瓜+圣女果约300-500g起',24.8,21,'http://fuss10.elemecdn.com/9/f8/238cca7c87baed58059feb4feebddjpeg.jpeg',1542884586,NULL),
	(729771169,'白心火龙果+凤梨+圣女果 300g起',24.8,22,'http://fuss10.elemecdn.com/a/9d/fdd0a5f9228cf2cba98cbe329bd9cjpeg.jpeg',1542884586,NULL),
	(729771655,'芒果+白心火龙果+圣女果 300g起',24.8,21,'http://fuss10.elemecdn.com/a/78/632f88be11708b1bb1c1fc246e3b7jpeg.jpeg',1542884586,NULL),
	(729772030,'现切脆甜富士 约250g',7.58,32,'http://fuss10.elemecdn.com/1/10/5908ab668d2f07940148ec842e8f2jpeg.jpeg',1542884586,NULL),
	(729772243,'红提+玫瑰香+巨峰葡萄 300g起',24.8,21,'http://fuss10.elemecdn.com/d/c6/fafbc95e1ee555a53f965728d02d8jpeg.jpeg',1542884586,NULL),
	(729784313,'玫瑰香+红提+凤梨 300g起',24.8,21,'http://fuss10.elemecdn.com/c/ab/e4e9c1a65d698a85dccfa12e99b1cjpeg.jpeg',1542884586,NULL),
	(729785331,'红提+黑提+巨峰葡萄 300g起',24.8,21,'http://fuss10.elemecdn.com/d/d9/07fb1f069871fbc4ae732fe9f3982jpeg.jpeg',1542884586,NULL),
	(730259789,'巴沙鱼排',10,15,'http://fuss10.elemecdn.com/b/68/d053cd8eb8a4fcf10dc41009bdec9jpeg.jpeg',1542884585,NULL),
	(748928983,'澳橙鲜切盒 250g',29.9,32,'http://fuss10.elemecdn.com/7/e6/2386beab7079bb6ae92e347b2f903png.png',1542884586,NULL),
	(754916636,'草莓+芒果+龙眼 300g起',30.8,19,'http://fuss10.elemecdn.com/5/63/2272808a2ebe1955e8c5a53aee8a6jpeg.jpeg',1542884586,NULL),
	(754921110,'草莓+芒果+橙子 300g起',32.8,21,'http://fuss10.elemecdn.com/5/63/2272808a2ebe1955e8c5a53aee8a6jpeg.jpeg',1542884586,NULL),
	(754925489,'草莓+芒果+凤梨 300g起',30.8,19,'http://fuss10.elemecdn.com/5/63/2272808a2ebe1955e8c5a53aee8a6jpeg.jpeg',1542884586,NULL),
	(754928634,'草莓+红心火龙果+蜜瓜 300g起',30.8,19,'http://fuss10.elemecdn.com/5/63/2272808a2ebe1955e8c5a53aee8a6jpeg.jpeg',1542884586,NULL),
	(754932967,'香蕉+红心火龙果+凤梨 300g起',24.8,21,'http://fuss10.elemecdn.com/5/63/2272808a2ebe1955e8c5a53aee8a6jpeg.jpeg',1542884586,NULL),
	(754934532,'草莓+芒果+奇异果 300g起',30.8,20,'http://fuss10.elemecdn.com/5/63/2272808a2ebe1955e8c5a53aee8a6jpeg.jpeg',1542884586,NULL),
	(754934671,'草莓+芒果+红心火龙果 300g起',30.8,19,'http://fuss10.elemecdn.com/5/63/2272808a2ebe1955e8c5a53aee8a6jpeg.jpeg',1542884586,NULL),
	(754950376,'红提+红心火龙果+奇异果 300g起',24.8,21,'http://fuss10.elemecdn.com/5/63/2272808a2ebe1955e8c5a53aee8a6jpeg.jpeg',1542884586,NULL),
	(754954948,'草莓+芒果+蜜瓜 300g起',30.8,19,'http://fuss10.elemecdn.com/5/63/2272808a2ebe1955e8c5a53aee8a6jpeg.jpeg',1542884586,NULL),
	(754964010,'西瓜+芒果+红提 300g起',24.8,21,'http://fuss10.elemecdn.com/5/63/2272808a2ebe1955e8c5a53aee8a6jpeg.jpeg',1542884586,NULL),
	(760906890,'牛肉鲜蔬番茄乌冬面',35,12,'http://fuss10.elemecdn.com/9/54/70e3dd7229ad8b5ca338f793d67f2jpeg.jpeg',1542884585,NULL),
	(760920666,'酸汤肥牛叉烧乌冬面',31,11,'http://fuss10.elemecdn.com/4/30/7daa9514ea0c51ec3ec7fd4b33319jpeg.jpeg',1542884585,NULL),
	(765164712,'香酥鸡柳',8,15,'http://fuss10.elemecdn.com/6/de/b5cfdc47f76e27c447b47111543bejpeg.jpeg',1542884585,NULL),
	(827343914,'蛋饺',14,54,'http://fuss10.elemecdn.com/b/60/ad2c9334da2d3a044e2f53e9edb4bjpeg.jpeg',1542884586,NULL),
	(827343951,'冻虾',33,56,'http://fuss10.elemecdn.com/c/92/9094ab07429e65333409d609bc8d9jpeg.jpeg',1542884586,NULL),
	(827357846,'肥肠',25,54,'http://fuss10.elemecdn.com/f/18/1cd8579096bc3ef99938fc7a41262jpeg.jpeg',1542884586,NULL),
	(827358124,'白萝卜',9,57,'http://fuss10.elemecdn.com/9/6c/4603540c3b4d55cd346371f41d429jpeg.jpeg',1542884586,NULL),
	(827362163,'椒香腰花',23,54,'http://fuss10.elemecdn.com/e/1e/c1871a1debb33381018c8da060310jpeg.jpeg',1542884586,NULL),
	(827362198,'脆皮肠',16,54,'http://fuss10.elemecdn.com/f/a9/9ec0db767d27d278accb1bd472b3ajpeg.jpeg',1542884586,NULL),
	(827362255,'鱿鱼须',27,57,'http://fuss10.elemecdn.com/6/fc/627e6ca21d087a7bbe0099502d51fjpeg.jpeg',1542884586,NULL),
	(827366910,'腐竹',16,58,'http://fuss10.elemecdn.com/c/d7/5e03d7847395f069f31c3f08e21bfjpeg.jpeg',1542884586,NULL),
	(827366969,'魔芋丝',8,59,'http://fuss10.elemecdn.com/9/ba/5fd5f4126e37b993985a4e7e62d06jpeg.jpeg',1542884586,NULL),
	(827367382,'娃娃菜',12,59,'http://fuss10.elemecdn.com/a/b3/fa53f1ca714ba207380dfbc6b108cjpeg.jpeg',1542884586,NULL),
	(827371159,'精品肥牛',29,53,'http://fuss10.elemecdn.com/6/97/fb0ec5a85665296dec7f78ab89ad6jpeg.jpeg',1542884586,NULL),
	(842823612,'迷你烟台小富士苹果6个装',24.8,24,'http://fuss10.elemecdn.com/5/18/f34aa024012f38299bfb8c9940937jpeg.jpeg',1542884586,NULL),
	(856386710,'(大杯)翡翠柠檬',15,43,'http://fuss10.elemecdn.com/8/85/4a296dba1ad85f4b77a818149d8c5jpeg.jpeg',1542884586,NULL),
	(856386758,'(大杯)四季春茶',9,43,'http://fuss10.elemecdn.com/f/40/36b649e9be8ff3280f9e210c211b3jpeg.jpeg',1542884586,NULL),
	(856386804,'(大杯)乌龙玛奇朵',15,44,'http://fuss10.elemecdn.com/f/be/2e32c6f0fbb7195ba2760bb5c8dfejpeg.jpeg',1542884586,NULL),
	(856386827,'(大杯)乌龙奶茶',13,44,'http://fuss10.elemecdn.com/8/a1/164c403c9d8b1093783c87c0a697ejpeg.jpeg',1542884586,NULL),
	(856386866,'(大杯)四季奶青',13,44,'http://fuss10.elemecdn.com/d/c7/70a9acc0512ffcd3fd3e74ee35068jpeg.jpeg',1542884586,NULL),
	(856386956,'(中杯)波霸红',7,45,'http://fuss10.elemecdn.com/c/0f/35292695ee0fc1854c6e9cdbf5964jpeg.jpeg',1542884586,NULL),
	(856387004,'(大杯)珍珠奶茶',13,45,'http://fuss10.elemecdn.com/9/5f/6b6a437f28ea08a38c7a4aad85859jpeg.jpeg',1542884586,NULL),
	(856387106,'(中杯)紅豆QQ奶茶',10,45,'http://fuss10.elemecdn.com/2/82/e3c6c5d35dd68e50c1eb80f658cdajpeg.jpeg',1542884586,NULL),
	(856387117,'(中杯)绿茶拿铁',13,46,'http://fuss10.elemecdn.com/6/13/10b44e3ce2d92ef2f9dda66e2309fjpeg.jpeg',1542884586,NULL),
	(856387160,'(中杯)阿华田拿铁',15,46,'http://fuss10.elemecdn.com/a/97/8aa27e7d6f7123c4338d931f6fff2jpeg.jpeg',1542884586,NULL),
	(856387210,'(中杯)抹茶拿铁',16,46,'http://fuss10.elemecdn.com/9/df/c42d9a98ae3f21234d6ae519d2406jpeg.jpeg',1542884586,NULL),
	(856387228,'(大杯)蜜茶',15,47,'http://fuss10.elemecdn.com/d/d4/f8dbb43759b779a04a31a3f047829jpeg.jpeg',1542884586,NULL),
	(856387269,'(中杯)柠檬养乐多',15,47,'http://fuss10.elemecdn.com/7/cc/f62f4841e1a69c864df528680d67djpeg.jpeg',1542884586,NULL),
	(856396623,'(大杯)奶茶',13,44,'http://fuss10.elemecdn.com/8/a1/164c403c9d8b1093783c87c0a697ejpeg.jpeg',1542884586,NULL),
	(856396684,'(中杯)柠檬蜜',13,47,'http://fuss10.elemecdn.com/8/38/d435f236bca2415908216ddf7ebabjpeg.jpeg',1542884586,NULL),
	(856400286,'(大杯)蜂蜜绿',15,43,'http://fuss10.elemecdn.com/f/40/36b649e9be8ff3280f9e210c211b3jpeg.jpeg',1542884586,NULL),
	(856400333,'(大杯)冰淇淋红茶',17,43,'http://fuss10.elemecdn.com/c/a1/e7a0edda5bec2c68a37b991e69176jpeg.jpeg',1542884586,NULL),
	(856400366,'(大杯)葡萄柚绿',15,43,'http://fuss10.elemecdn.com/5/9f/bb71ff04ec1fddc415f245e51a6d7jpeg.jpeg',1542884586,NULL),
	(856400410,'(中杯)阿华田',13,44,'http://fuss10.elemecdn.com/0/80/9ffd58d88023f66fed0771cd80ae0jpeg.jpeg',1542884586,NULL),
	(856400423,'(中杯)绿茶玛奇朵',12,44,'http://fuss10.elemecdn.com/f/be/2e32c6f0fbb7195ba2760bb5c8dfejpeg.jpeg',1542884586,NULL),
	(856400474,'(中杯)乌龙玛奇朵',12,44,'http://fuss10.elemecdn.com/f/be/2e32c6f0fbb7195ba2760bb5c8dfejpeg.jpeg',1542884586,NULL),
	(856400487,'(大杯)奶绿',13,44,'http://fuss10.elemecdn.com/d/c7/70a9acc0512ffcd3fd3e74ee35068jpeg.jpeg',1542884586,NULL),
	(856400517,'(中杯)四季奶青',10,44,'http://fuss10.elemecdn.com/d/c7/70a9acc0512ffcd3fd3e74ee35068jpeg.jpeg',1542884586,NULL),
	(856400559,'(大杯)珍珠奶绿',13,45,'http://fuss10.elemecdn.com/9/5f/6b6a437f28ea08a38c7a4aad85859jpeg.jpeg',1542884586,NULL),
	(856400575,'(大杯)波霸红',9,45,'http://fuss10.elemecdn.com/c/0f/35292695ee0fc1854c6e9cdbf5964jpeg.jpeg',1542884586,NULL),
	(856400580,'(中杯)椰果奶茶',10,45,'http://fuss10.elemecdn.com/d/4f/a33d0151199bcec703ddfb989bd07jpeg.jpeg',1542884586,NULL),
	(856400647,'(中杯)波霸奶茶',10,46,'http://fuss10.elemecdn.com/9/0d/1bd2b01e3b2e7a90653821d847926jpeg.jpeg',1542884586,NULL),
	(856400756,'(中杯)可可芭蕾拿铁',16,46,'http://fuss10.elemecdn.com/2/d2/65f791ea87daaefef1324c5179137jpeg.jpeg',1542884586,NULL),
	(856405597,'(大杯)冻顶乌龙茶',9,43,'http://fuss10.elemecdn.com/9/ee/0745cca664592047e55af90488e90jpeg.jpeg',1542884586,NULL),
	(856405607,'(大杯)茉莉绿茶',9,43,'http://fuss10.elemecdn.com/f/40/36b649e9be8ff3280f9e210c211b3jpeg.jpeg',1542884586,NULL),
	(856405653,'(中杯)翡翠柠檬',12,43,'http://fuss10.elemecdn.com/8/85/4a296dba1ad85f4b77a818149d8c5jpeg.jpeg',1542884586,NULL),
	(856405721,'(中杯)乌龙奶茶',10,44,'http://fuss10.elemecdn.com/8/a1/164c403c9d8b1093783c87c0a697ejpeg.jpeg',1542884586,NULL),
	(856405767,'(大杯)绿茶玛奇朵',15,44,'http://fuss10.elemecdn.com/f/be/2e32c6f0fbb7195ba2760bb5c8dfejpeg.jpeg',1542884586,NULL),
	(856405796,'(中杯)奶绿',10,44,'http://fuss10.elemecdn.com/d/c7/70a9acc0512ffcd3fd3e74ee35068jpeg.jpeg',1542884586,NULL),
	(856405808,'(大杯)四季如意',10,45,'http://fuss10.elemecdn.com/1/41/db3b8f98ffd47de3f76a72689c4a4jpeg.jpeg',1542884586,NULL),
	(856405830,'(大杯)仙草奶冻',13,45,'http://fuss10.elemecdn.com/e/6b/607a18645eda66df2b3860f0f76b4jpeg.jpeg',1542884586,NULL),
	(856405860,'(中杯)仙草奶冻',10,45,'http://fuss10.elemecdn.com/e/6b/607a18645eda66df2b3860f0f76b4jpeg.jpeg',1542884586,NULL),
	(856405868,'(大杯)百香三重奏',15,45,'http://fuss10.elemecdn.com/8/bb/bd9e82cb30955d986f5cead09ce9fjpeg.jpeg',1542884586,NULL),
	(856405921,'(中杯)焦糖红茶拿铁',14,46,'http://fuss10.elemecdn.com/9/1d/eaf00aeaf2e05ef4629b889ad1252jpeg.jpeg',1542884586,NULL),
	(856405937,'(大杯)四季拿铁',17,46,'http://fuss10.elemecdn.com/6/13/10b44e3ce2d92ef2f9dda66e2309fjpeg.jpeg',1542884586,NULL),
	(856405942,'(大杯)乌龙拿铁',17,46,'http://fuss10.elemecdn.com/6/13/10b44e3ce2d92ef2f9dda66e2309fjpeg.jpeg',1542884586,NULL),
	(856410315,'(中杯)四季春茶',7,43,'http://fuss10.elemecdn.com/f/40/36b649e9be8ff3280f9e210c211b3jpeg.jpeg',1542884586,NULL),
	(856410394,'(中杯)冻顶乌龙茶',7,43,'http://fuss10.elemecdn.com/9/ee/0745cca664592047e55af90488e90jpeg.jpeg',1542884586,NULL),
	(856410412,'(中杯)葡萄柚绿',12,43,'http://fuss10.elemecdn.com/5/9f/bb71ff04ec1fddc415f245e51a6d7jpeg.jpeg',1542884586,NULL),
	(856410422,'(大杯)抹茶奶茶',17,44,'http://fuss10.elemecdn.com/6/4a/13bc2aeb49ebbd4d06a31b4e599ffjpeg.jpeg',1542884586,NULL),
	(856410449,'(中杯)可可芭蕾',14,44,'http://fuss10.elemecdn.com/0/80/9ffd58d88023f66fed0771cd80ae0jpeg.jpeg',1542884586,NULL),
	(856410467,'(中杯)红茶玛奇朵',12,44,'http://fuss10.elemecdn.com/4/fb/2b4aedf6e557394a0ef9e9d6cac44jpeg.jpeg',1542884586,NULL),
	(856410525,'(中杯)百香三重奏',12,45,'http://fuss10.elemecdn.com/8/bb/bd9e82cb30955d986f5cead09ce9fjpeg.jpeg',1542884586,NULL),
	(856410549,'(大杯)波霸奶绿',13,45,'http://fuss10.elemecdn.com/9/0d/1bd2b01e3b2e7a90653821d847926jpeg.jpeg',1542884586,NULL),
	(856410588,'(大杯)波霸绿',9,45,'http://fuss10.elemecdn.com/f/40/36b649e9be8ff3280f9e210c211b3jpeg.jpeg',1542884586,NULL),
	(856410653,'(大杯)椰果奶茶',13,45,'http://fuss10.elemecdn.com/d/4f/a33d0151199bcec703ddfb989bd07jpeg.jpeg',1542884586,NULL),
	(856410664,'(中杯)珍珠绿',7,45,'http://fuss10.elemecdn.com/f/40/36b649e9be8ff3280f9e210c211b3jpeg.jpeg',1542884586,NULL),
	(856410694,'(大杯)阿华田拿铁',19,46,'http://fuss10.elemecdn.com/a/97/8aa27e7d6f7123c4338d931f6fff2jpeg.jpeg',1542884586,NULL),
	(856410709,'(大杯)红茶拿铁',17,46,'http://fuss10.elemecdn.com/9/1d/eaf00aeaf2e05ef4629b889ad1252jpeg.jpeg',1542884586,NULL),
	(856414625,'(中杯)奶茶',10,45,'http://fuss10.elemecdn.com/8/a1/164c403c9d8b1093783c87c0a697ejpeg.jpeg',1542884586,NULL),
	(856414641,'(中杯)布丁奶茶',14,45,'http://fuss10.elemecdn.com/a/35/5e714bd7226a736d654736ccc1999jpeg.jpeg',1542884586,NULL),
	(856414650,'(大杯)波霸奶茶',13,45,'http://fuss10.elemecdn.com/9/0d/1bd2b01e3b2e7a90653821d847926jpeg.jpeg',1542884586,NULL),
	(856414717,'(大杯)柠檬汁',15,47,'http://fuss10.elemecdn.com/c/37/601f6a854680543e0732615fe45b6jpeg.jpeg',1542884586,NULL),
	(856419140,'(中杯)冰淇淋红茶',13,43,'http://fuss10.elemecdn.com/c/a1/e7a0edda5bec2c68a37b991e69176jpeg.jpeg',1542884586,NULL),
	(856419153,'(中杯)茉莉绿茶',7,43,'http://fuss10.elemecdn.com/f/40/36b649e9be8ff3280f9e210c211b3jpeg.jpeg',1542884586,NULL),
	(856419204,'(大杯)四季玛奇朵',15,44,'http://fuss10.elemecdn.com/f/be/2e32c6f0fbb7195ba2760bb5c8dfejpeg.jpeg',1542884586,NULL),
	(856419217,'(中杯)抹茶奶茶',13,44,'http://fuss10.elemecdn.com/6/4a/13bc2aeb49ebbd4d06a31b4e599ffjpeg.jpeg',1542884586,NULL),
	(856419304,'(大杯)可可芭蕾拿铁',21,46,'http://fuss10.elemecdn.com/2/d2/65f791ea87daaefef1324c5179137jpeg.jpeg',1542884586,NULL),
	(856419342,'(大杯)焦糖红茶拿铁',18,46,'http://fuss10.elemecdn.com/9/1d/eaf00aeaf2e05ef4629b889ad1252jpeg.jpeg',1542884586,NULL),
	(856419400,'(中杯)柠檬汁',12,48,'http://fuss10.elemecdn.com/c/37/601f6a854680543e0732615fe45b6jpeg.jpeg',1542884586,NULL),
	(856419408,'(大杯)柠檬养乐多',19,47,'http://fuss10.elemecdn.com/7/cc/f62f4841e1a69c864df528680d67djpeg.jpeg',1542884586,NULL),
	(856424019,'(大杯)阿萨姆红茶',9,43,'http://fuss10.elemecdn.com/c/0f/35292695ee0fc1854c6e9cdbf5964jpeg.jpeg',1542884586,NULL),
	(856424024,'(中杯)蜂蜜绿',12,43,'http://fuss10.elemecdn.com/f/40/36b649e9be8ff3280f9e210c211b3jpeg.jpeg',1542884586,NULL),
	(856424067,'(中杯)百香绿',12,43,'http://fuss10.elemecdn.com/8/bb/bd9e82cb30955d986f5cead09ce9fjpeg.jpeg',1542884586,NULL),
	(856424084,'(中杯)阿萨姆红茶',7,44,'http://fuss10.elemecdn.com/c/0f/35292695ee0fc1854c6e9cdbf5964jpeg.jpeg',1542884586,NULL),
	(856424118,'(大杯)百香绿',15,43,'http://fuss10.elemecdn.com/8/bb/bd9e82cb30955d986f5cead09ce9fjpeg.jpeg',1542884586,NULL),
	(856424147,'(大杯)可可芭蕾',18,44,'http://fuss10.elemecdn.com/0/80/9ffd58d88023f66fed0771cd80ae0jpeg.jpeg',1542884586,NULL),
	(856424159,'(大杯)焦糖奶茶',14,44,'http://fuss10.elemecdn.com/8/a1/164c403c9d8b1093783c87c0a697ejpeg.jpeg',1542884586,NULL),
	(856424176,'(中杯)焦糖奶茶',11,44,'http://fuss10.elemecdn.com/8/a1/164c403c9d8b1093783c87c0a697ejpeg.jpeg',1542884586,NULL),
	(856424202,'(大杯)红茶玛奇朵',15,44,'http://fuss10.elemecdn.com/4/fb/2b4aedf6e557394a0ef9e9d6cac44jpeg.jpeg',1542884586,NULL),
	(856424229,'(大杯)阿华田',17,44,'http://fuss10.elemecdn.com/0/80/9ffd58d88023f66fed0771cd80ae0jpeg.jpeg',1542884586,NULL),
	(856424239,'(中杯)四季玛奇朵',12,44,'http://fuss10.elemecdn.com/f/be/2e32c6f0fbb7195ba2760bb5c8dfejpeg.jpeg',1542884586,NULL),
	(856424277,'(大杯)珍珠红',9,45,'http://fuss10.elemecdn.com/c/0f/35292695ee0fc1854c6e9cdbf5964jpeg.jpeg',1542884586,NULL),
	(856424282,'(大杯)珍珠绿',9,45,'http://fuss10.elemecdn.com/f/40/36b649e9be8ff3280f9e210c211b3jpeg.jpeg',1542884586,NULL),
	(856424308,'(大杯)布丁奶茶',21,45,'http://fuss10.elemecdn.com/a/35/5e714bd7226a736d654736ccc1999jpeg.jpeg',1542884586,NULL),
	(856424340,'(中杯)珍珠奶绿',10,45,'http://fuss10.elemecdn.com/9/5f/6b6a437f28ea08a38c7a4aad85859jpeg.jpeg',1542884586,NULL),
	(856424351,'(中杯)波霸绿',7,45,'http://fuss10.elemecdn.com/f/40/36b649e9be8ff3280f9e210c211b3jpeg.jpeg',1542884586,NULL),
	(856424366,'(中杯)四季如意',8,45,'http://fuss10.elemecdn.com/1/41/db3b8f98ffd47de3f76a72689c4a4jpeg.jpeg',1542884586,NULL),
	(856424375,'(中杯)珍珠奶茶',10,45,'http://fuss10.elemecdn.com/9/5f/6b6a437f28ea08a38c7a4aad85859jpeg.jpeg',1542884586,NULL),
	(856424380,'(大杯)紅豆QQ奶茶',13,45,'http://fuss10.elemecdn.com/2/82/e3c6c5d35dd68e50c1eb80f658cdajpeg.jpeg',1542884586,NULL),
	(856424410,'(中杯)波霸奶绿',10,45,'http://fuss10.elemecdn.com/9/0d/1bd2b01e3b2e7a90653821d847926jpeg.jpeg',1542884586,NULL),
	(856424428,'(中杯)珍珠红',7,45,'http://fuss10.elemecdn.com/c/0f/35292695ee0fc1854c6e9cdbf5964jpeg.jpeg',1542884586,NULL),
	(856424465,'(大杯)绿茶拿铁',17,46,'http://fuss10.elemecdn.com/6/13/10b44e3ce2d92ef2f9dda66e2309fjpeg.jpeg',1542884586,NULL),
	(856424486,'(中杯)四季拿铁',13,46,'http://fuss10.elemecdn.com/6/13/10b44e3ce2d92ef2f9dda66e2309fjpeg.jpeg',1542884586,NULL),
	(856424509,'(中杯)乌龙拿铁',13,46,'http://fuss10.elemecdn.com/6/13/10b44e3ce2d92ef2f9dda66e2309fjpeg.jpeg',1542884586,NULL),
	(856424519,'(中杯)红茶拿铁',13,47,'http://fuss10.elemecdn.com/9/1d/eaf00aeaf2e05ef4629b889ad1252jpeg.jpeg',1542884586,NULL),
	(856424535,'(大杯)抹茶拿铁',21,46,'http://fuss10.elemecdn.com/9/df/c42d9a98ae3f21234d6ae519d2406jpeg.jpeg',1542884586,NULL),
	(856424540,'(大杯)金桔柠檬',15,47,'http://fuss10.elemecdn.com/9/78/54f535e0d0b30e78dd45f879d18edjpeg.jpeg',1542884586,NULL),
	(856424544,'(中杯)蜜茶',12,47,'http://fuss10.elemecdn.com/d/d4/f8dbb43759b779a04a31a3f047829jpeg.jpeg',1542884586,NULL),
	(856424557,'(中杯)金桔柠檬',12,47,'http://fuss10.elemecdn.com/9/78/54f535e0d0b30e78dd45f879d18edjpeg.jpeg',1542884586,NULL),
	(856424565,'(大杯)柠檬蜜',17,47,'http://fuss10.elemecdn.com/8/38/d435f236bca2415908216ddf7ebabjpeg.jpeg',1542884586,NULL),
	(858735780,'(中杯)养乐多绿',13,43,'http://fuss10.elemecdn.com/7/2c/4d50c507c94c5d68ef21a1cca2dcfjpeg.jpeg',1542884586,NULL),
	(858764417,'(大杯)养乐多绿',17,43,'http://fuss10.elemecdn.com/7/2c/4d50c507c94c5d68ef21a1cca2dcfjpeg.jpeg',1542884586,NULL),
	(860589694,'维多利里马奶葡萄',21.8,27,'http://fuss10.elemecdn.com/7/bd/e98a4eb332dc7b61a4451e8fd23a8jpeg.jpeg',1542884586,NULL),
	(861407282,'中号富士苹果1个',3.81,24,'http://fuss10.elemecdn.com/7/a0/521a51d9c94ef4ed55491a4e51e7djpeg.jpeg',1542884586,NULL),
	(865512949,'精品至尊大个红富士3个装',32.8,24,'http://fuss10.elemecdn.com/f/df/e63e53542dfdc173ca6572b690630jpeg.jpeg',1542884586,NULL),
	(865529059,'新疆库尔勒香梨 ',4.4,25,'http://fuss10.elemecdn.com/b/d4/4784dfd14600b95893ec61a68523djpeg.jpeg',1542884586,NULL),
	(869863453,'精选10商务套餐',148,26,'http://fuss10.elemecdn.com/a/9c/3ac8ae417ec611c22df524373bfd9jpeg.jpeg',1542884586,NULL),
	(869863466,'奇异果+红心火龙果+油桃 400g起',30.8,29,'http://fuss10.elemecdn.com/8/2f/03e88869f705d91e614fb583a7237jpeg.jpeg',1542884586,NULL),
	(869863499,'大个爱心礼盒套装',128,26,'http://fuss10.elemecdn.com/0/5c/b9b9cedcf24f6eb39c71ba3d7a8b2jpeg.jpeg',1542884586,NULL),
	(869863691,'红提+芒果+白心火龙果+西瓜 400g起',32.8,31,'http://fuss10.elemecdn.com/5/a6/3f1afbd72769216ac74faae5ad325jpeg.jpeg',1542884586,NULL),
	(869863694,'白心火龙果+进口红提+芒果+蜜瓜 400g起',32.8,31,'http://fuss10.elemecdn.com/2/95/0cd4f102e72c86e7d3be07fb6b7e5jpeg.jpeg',1542884586,NULL),
	(869863698,'芒果+红提+白心火龙果+蜜瓜 400g起',32.8,31,'http://fuss10.elemecdn.com/2/a3/da3c367baeec22eae3378297d200ajpeg.jpeg',1542884586,NULL),
	(869863707,'甜橙&红心火龙果&奇异果&凤梨&西瓜&葡提1500g起',92.8,30,'http://fuss10.elemecdn.com/0/30/b37d929183fe040bda8ff5f71ad58jpeg.jpeg',1542884586,NULL),
	(869863772,'美白甜心水果沙拉',32.8,20,'http://fuss10.elemecdn.com/8/e4/40fa625d541d7b2b376698e791187jpeg.jpeg',1542884586,NULL),
	(869863781,'超级维生素水果沙拉',32.8,20,'http://fuss10.elemecdn.com/a/d6/aac472b25427f5495bee0f3f49a30jpeg.jpeg',1542884586,NULL),
	(869868338,'葡萄/提子+芒果+白心火龙果 400g起',29.9,29,'http://fuss10.elemecdn.com/2/33/da32cee758e75ecfc29faff17121bjpeg.jpeg',1542884586,NULL),
	(869868341,'进口葡提+红心火龙果+蜜瓜 400g起',32.8,29,'http://fuss10.elemecdn.com/9/89/d548548d38137dc30af375fc01f56jpeg.jpeg',1542884586,NULL),
	(869868396,'车厘子/樱桃+芒果+蜜瓜+凤梨+水蜜桃+提子 1500g起',128,31,'http://fuss10.elemecdn.com/a/98/2897c3361eefefe3e23b877c2b379jpeg.jpeg',1542884586,NULL),
	(869868434,'凤梨+红心火龙果+芒果+蜜瓜+奇异果+千禧果',92.8,30,'http://fuss10.elemecdn.com/2/24/6457e8402556d31468395c6f0c03ejpeg.jpeg',1542884586,NULL),
	(869868440,'葡提+千禧果+桃子+甜橙+奇异果+芒果1500g起',89.8,30,'http://fuss10.elemecdn.com/1/27/5edf99d5d6b3ce9e88a36daf0348ajpeg.jpeg',1542884586,NULL),
	(869868467,'芒果+甜橙+苹果+蜜瓜 400g起',32.8,31,'http://fuss10.elemecdn.com/e/fd/46854a5a8508042c091c86d7b864ejpeg.jpeg',1542884586,NULL),
	(869868538,'红提+白心火龙果+凤梨+西瓜+葡萄500g起',34.8,33,'http://fuss10.elemecdn.com/b/08/27254aead26aaaf166b31cc842828jpeg.jpeg',1542884586,NULL),
	(869868632,'招牌水果沙拉',34.8,21,'http://fuss10.elemecdn.com/a/8c/f26c9df486fafc812970791f83ce5jpeg.jpeg',1542884586,NULL),
	(869881540,'精品黑提',7.25,27,'http://fuss10.elemecdn.com/3/89/8b1cdf83ffd67b24a937954f6073ajpeg.jpeg',1542884586,NULL),
	(869881549,'进口葡提+甜橙+桃子 400g起',32.8,29,'http://fuss10.elemecdn.com/2/7f/5ea6d18d2672f08bd231e67a2c869jpeg.jpeg',1542884586,NULL),
	(869881564,'红提&芒果&木瓜&红心火龙果&蜜瓜&猕猴桃',92.8,30,'http://fuss10.elemecdn.com/d/c3/103766844a6c754e1cf7a389c67e7jpeg.jpeg',1542884586,NULL),
	(869881582,'葡提&千禧果&木瓜&蜜瓜&芒果&红果1500g起',92.8,30,'http://fuss10.elemecdn.com/3/20/c3063ae0a0b002394b928c9606d74jpeg.jpeg',1542884586,NULL),
	(869887524,'豪华10人商务套餐',268,27,'http://fuss10.elemecdn.com/4/44/1af75df6204d52ceba823cd3058a1jpeg.jpeg',1542884586,NULL),
	(869887526,'超值10商务套餐',118,26,'http://fuss10.elemecdn.com/8/42/5c5d3e543ef1e1f684c8c89738a5djpeg.jpeg',1542884586,NULL),
	(869887783,'靓颜 | 西瓜&甜橙&香蕉&苹果&葡萄 500g起',32.8,34,'http://fuss10.elemecdn.com/2/fb/7343dd9decbf61b73b0ea217e49dajpeg.jpeg',1542884586,NULL),
	(869887796,'西瓜+木瓜+白心火龙果+甜橙 400g起',32.8,31,'http://fuss10.elemecdn.com/6/74/f17902e4ca85ab9bcaacb43b70416jpeg.jpeg',1542884586,NULL),
	(869887806,'桃&芒果&哈密瓜&西瓜&菠萝&葡提1500g起',89.8,30,'http://fuss10.elemecdn.com/6/e7/8008ccb1cd8cd3a2b59f223215407jpeg.jpeg',1542884586,NULL),
	(869891376,'进口葡提+油桃+蜜瓜 400g起',30.8,30,'http://fuss10.elemecdn.com/f/f7/1edb6e16f126d7422ac9ab8fdcfd1jpeg.jpeg',1542884586,NULL),
	(869891378,'奇异果+芒果+西瓜 400g起',30.8,29,'http://fuss10.elemecdn.com/f/b7/6695879eb1c175fbe4227a91510f7jpeg.jpeg',1542884586,NULL),
	(869891540,'「鲜切」野生脆香奇异果',24.8,32,'http://fuss10.elemecdn.com/8/06/bd8a100c3ef9334d5459fefdf53b8jpeg.jpeg',1542884586,NULL),
	(869891573,'【切片】美国新奇士橙260g',32.8,32,'http://fuss10.elemecdn.com/e/d7/28274c4567c62907f2608711f77c1jpeg.jpeg',1542884586,NULL),
	(869891602,'魅惑A：红心火龙果+奇异果+木瓜+芒果 400g起',32.8,31,'http://fuss10.elemecdn.com/3/d0/c6d2aa509bad7c528d4661d62ec8ejpeg.jpeg',1542884586,NULL),
	(869891668,'奇异果+红提+甜橙+蜜瓜 400g起',32.8,31,'http://fuss10.elemecdn.com/3/37/b3fc8871456d0a6c3d47246475057jpeg.jpeg',1542884586,NULL),
	(869891678,'靓颜／西瓜+甜橙+香蕉+蜜瓜+葡萄500g起',34.8,33,'http://fuss10.elemecdn.com/9/25/ef0e353a91beb033d5d8d556de481jpeg.jpeg',1542884586,NULL),
	(869891683,'奇异果+西瓜+芒果+凤梨+葡萄 500g起',34.8,33,'http://fuss10.elemecdn.com/1/52/42895885cf299d2a8bb412fa73db1jpeg.jpeg',1542884586,NULL),
	(869891693,'芒果+西瓜+甜橙+白火龙果',32.8,31,'http://fuss10.elemecdn.com/9/43/36a4ed942babef004eb01309861e7jpeg.jpeg',1542884586,NULL),
	(869895854,'精选10人商务套餐',150,26,'http://fuss10.elemecdn.com/c/cb/5f46a118b7a7949a4b77f97defa7fjpeg.jpeg',1542884586,NULL),
	(869895995,'红心火龙果+桃+甜橙 400g起',32.8,29,'http://fuss10.elemecdn.com/3/03/b6d69bef1c7a903677ab1f3372c67jpeg.jpeg',1542884586,NULL),
	(869895998,'白心火龙果+红心火龙果+毛桃 400g起',32.8,29,'http://fuss10.elemecdn.com/1/b9/139dcea23dba5a58e301e14e01b5djpeg.jpeg',1542884586,NULL),
	(869896002,'奇异果+芒果+白心火龙果 400g起',32.8,29,'http://fuss10.elemecdn.com/d/b6/d8c45dc7630ec5a6a7c982a3c5e88jpeg.jpeg',1542884586,NULL),
	(869896008,'进口葡提+白心火龙果+甜橙 400g起',30.8,29,'http://fuss10.elemecdn.com/5/13/7704c43c400f361a4cd799fb12a49jpeg.jpeg',1542884586,NULL),
	(869896141,'【鲜切】新疆哈密瓜',24.8,32,'http://fuss10.elemecdn.com/d/3d/5965093b447986396bda5fe32a17fjpeg.jpeg',1542884586,NULL),
	(869896193,'靓颜：奇异果&木瓜&蜜瓜&葡萄400g',32.8,33,'http://fuss10.elemecdn.com/0/4c/d6baa1eb924683bf1f3ed38e0e647jpeg.jpeg',1542884586,NULL),
	(869896208,'红心火龙果+木瓜+红提+蜜瓜 400g起',32.8,31,'http://fuss10.elemecdn.com/6/19/64fa53116ac8999808a57adf56bfajpeg.jpeg',1542884586,NULL),
	(869896287,'B级-山东红富士（中）3个起',26.8,24,'http://fuss10.elemecdn.com/f/df/e63e53542dfdc173ca6572b690630jpeg.jpeg',1542884586,NULL),
	(869896310,'营养甜心沙拉',32.8,20,'http://fuss10.elemecdn.com/3/68/21dc42286316a0cd192c6bd4cb64cjpeg.jpeg',1542884586,NULL),
	(869900682,'豪华礼盒',138,25,'http://fuss10.elemecdn.com/b/38/0d727dac868f123de257083135dfdjpeg.jpeg',1542884586,NULL),
	(869900759,'芒果+苹果+甜橙+白心火龙果',32.8,32,'http://fuss10.elemecdn.com/2/5a/28fd6cceb9c1d8353647b2714f632jpeg.jpeg',1542884586,NULL),
	(869900770,'魅惑B：奇异果+红火龙果+芒果+蜜瓜 400g起',32.8,31,'http://fuss10.elemecdn.com/c/66/6a3cd0deab7360f5e2fe84a192306jpeg.jpeg',1542884586,NULL),
	(869900833,'滋养沙拉水果',32.8,20,'http://fuss10.elemecdn.com/e/38/8fc2de323b63ccf1f289a26609012jpeg.jpeg',1542884586,NULL),
	(869904887,'木制礼盒',18.8,25,'http://fuss10.elemecdn.com/2/19/5eaf96e8f1a36a857bf5d008a8a5cjpeg.jpeg',1542884586,NULL),
	(869904992,'车厘子/樱桃+西瓜+白心火龙果+蜜瓜+奇异果+甜橙1500g起',118.8,30,'http://fuss10.elemecdn.com/f/e6/bed495965b37b74d5e29bbbff326fjpeg.jpeg',1542884586,NULL),
	(901333717,'皇冠梨2个装',7.9,24,'http://fuss10.elemecdn.com/8/a9/8f23356e0879c5978461eba107f6ajpeg.jpeg',1542884586,NULL),
	(913151240,'丰水梨2个装',9.8,24,'http://fuss10.elemecdn.com/a/af/c0d91a674c9cf31ac13b745fe8c65jpeg.jpeg',1542884586,NULL),
	(917601866,'【招牌】牛肉番茄乌冬面套餐',44,14,'http://fuss10.elemecdn.com/9/ba/bd9bac7d3bda4f989527b31917589jpeg.jpeg',1542884585,NULL),
	(917605200,'全家福双人套餐',88,15,'http://fuss10.elemecdn.com/5/fa/95ef89b089521410262f64c50534epng.png',1542884585,NULL),
	(918666995,'西柚乳酸菌',14,18,'http://fuss10.elemecdn.com/2/8a/1b1ef8023b6184789271a1d2ed8fajpeg.jpeg',1542884585,NULL),
	(918676180,'猕猴桃汁',12,18,'http://fuss10.elemecdn.com/5/ec/427106852e0bb3cae4ce16f0dcbd7jpeg.jpeg',1542884585,NULL),
	(918676182,'苹果汁',12,18,'http://fuss10.elemecdn.com/7/dc/dbb0d3fb4d91a9c1f4f19e6abf900jpeg.jpeg',1542884585,NULL),
	(918684964,'白桃乳酸菌',14,18,'http://fuss10.elemecdn.com/b/53/c07bfa3b346ba2ddee7ed2d321d9ajpeg.jpeg',1542884585,NULL),
	(920423872,'付味螺肉',6,17,'http://fuss10.elemecdn.com/3/0e/aaa7b567d85e65fa38cd92a8b0565jpeg.jpeg',1542884585,NULL),
	(920423873,'中华裙带菜',5,16,'http://fuss10.elemecdn.com/2/a1/8888e84985d886eca858361777b45jpeg.jpeg',1542884585,NULL),
	(920432577,'芥末章鱼',6,16,'http://fuss10.elemecdn.com/1/a6/d710b81f11b334af821ad270c22a7jpeg.jpeg',1542884585,NULL),
	(929288464,'经典锡兰红茶（336ml）',9.5,38,'http://fuss10.elemecdn.com/5/80/f052418ff5061fbf237519245d0ebpng.png',1542884586,NULL),
	(930532506,'霸王牛堡套餐',35,36,'http://fuss10.elemecdn.com/0/f1/0d53bd9fac41b9a2398eadc3a0ed7png.png',1542884586,NULL),
	(930536683,'霸王牛堡',22,35,'http://fuss10.elemecdn.com/8/67/a7caefe04d1fe51ff97dcbc36f69dpng.png',1542884586,NULL),
	(937988605,'欢乐小食餐',42,40,'http://fuss10.elemecdn.com/0/03/8a7059990190ba0e0a4b929228b1dpng.png',1542884586,NULL),
	(946775375,'新疆库尔勒香梨 ',21.8,24,'http://fuss10.elemecdn.com/b/d4/4784dfd14600b95893ec61a68523djpeg.jpeg',1542884586,NULL),
	(950890257,'雪梨2个',7.48,24,'http://fuss10.elemecdn.com/1/f1/5ffa51e5bc4bf00abafeb7b73953cjpeg.jpeg',1542884586,NULL),
	(953221534,'油面筋泡',13,58,'http://fuss10.elemecdn.com/1/e1/8ae357e3e58b6be3b732518190baajpeg.jpeg',1542884586,NULL),
	(953804378,'霸王小食双人套餐',47,41,'http://fuss10.elemecdn.com/a/09/b79104115858a97a7ca9c55f08d10jpeg.jpeg',1542884586,NULL),
	(963078930,'精品牛肉酱',9,51,'http://fuss10.elemecdn.com/2/22/74b72dc1b706893fb44d2a16edbeapng.png',1542884586,NULL),
	(963078934,'XO酱',9,51,'http://fuss10.elemecdn.com/f/e1/dd6116cf05ea52bf3ab0d6cb0de55png.png',1542884586,NULL),
	(963078937,'香油蒜泥',9,51,'http://fuss10.elemecdn.com/b/d6/76e214acc5f9ae6e37c1c101c0bf4png.png',1542884586,NULL),
	(963083346,'海椒干碟',9,51,'http://fuss10.elemecdn.com/c/ef/29103482ad38a4f3c9c7cfc0da629png.png',1542884586,NULL),
	(963092520,'沙茶酱',9,51,'http://fuss10.elemecdn.com/0/dc/60d81e7b7676166e21e272cd07dacjpeg.jpeg',1542884586,NULL),
	(963097322,'辣椒调味油',9,51,'http://fuss10.elemecdn.com/d/7d/4660102038a2bcd7746e4819cdc45png.png',1542884586,NULL),
	(963100509,'海鲜酱',9,51,'http://fuss10.elemecdn.com/8/df/cac36f3689d5c50da70e566c41c23jpeg.jpeg',1542884586,NULL),
	(963100519,'丸滑调味汁',9,51,'http://fuss10.elemecdn.com/3/11/e747d3e10cdce8e62a9902dc23acfpng.png',1542884586,NULL),
	(963104289,'瑶柱香菇酱',9,51,'http://fuss10.elemecdn.com/1/e3/db3f051a774f288a64eb8d01138bfjpeg.jpeg',1542884586,NULL),
	(965957712,'日式肥牛咖喱饭',35,13,'http://fuss10.elemecdn.com/e/7f/1eb3f6ac5be697692d1056055d829png.png',1542884585,NULL),
	(965980227,'咖喱猪排饭',32,13,'http://fuss10.elemecdn.com/d/64/86beed0253b6fc00119f192a70776png.png',1542884585,NULL),
	(975689405,'(大杯)燕麦奶茶',14,45,'http://fuss10.elemecdn.com/1/41/db3b8f98ffd47de3f76a72689c4a4jpeg.jpeg',1542884586,NULL),
	(975716363,'(中杯)燕麦奶茶',11,45,'http://fuss10.elemecdn.com/1/41/db3b8f98ffd47de3f76a72689c4a4jpeg.jpeg',1542884586,NULL),
	(976204908,'桃桃大荔枝乌龙（448ml）',16,42,'http://fuss10.elemecdn.com/3/4a/c1a2e645a3bb653d08b461c0241a3jpeg.jpeg',1542884586,NULL),
	(976217640,'芒芒大芭乐乌龙（448ml）',16,41,'http://fuss10.elemecdn.com/1/9f/2d8503ac458da1482da4379d9c6a5jpeg.jpeg',1542884586,NULL),
	(976613429,'咖喱猪排饭套餐',42,14,'http://fuss10.elemecdn.com/4/eb/06bdf812c7ab327ea46b567a2ac20jpeg.jpeg',1542884585,NULL),
	(981469035,'掌心脆干脆面',1.4,34,'http://fuss10.elemecdn.com/b/9b/fd70b4aa6529b5066e87a2eb43648jpeg.jpeg',1542884586,NULL),
	(981469051,'亲嘴豆皮',1.68,34,'http://fuss10.elemecdn.com/3/94/212d607f8467cf4b0e89c4a18b92fjpeg.jpeg',1542884586,NULL),
	(981493493,'大凉山野生丑苹果2个',8.32,24,'http://fuss10.elemecdn.com/6/31/8f34abd46ab1cd25b0610ff99fde5jpeg.jpeg',1542884586,NULL),
	(981520664,'旭东葵花籽一袋',1.88,34,'http://fuss10.elemecdn.com/c/b3/5b53b56bd745401cc24f2f49d5418jpeg.jpeg',1542884586,NULL),
	(981520774,'创食人莲藕一袋',1.75,34,'http://fuss10.elemecdn.com/1/67/df82256c52126aa41a87aedbe76d2jpeg.jpeg',1542884586,NULL),
	(981534755,'旭东西瓜子一袋',1.5,34,'http://fuss10.elemecdn.com/0/54/6ca3e28c76c6379c8d94e6046af4ejpeg.jpeg',1542884586,NULL),
	(981551546,'小胡鸭鸭脖一袋',2.1,34,'http://fuss10.elemecdn.com/c/c9/9201fddb357d464ce4ede14378679jpeg.jpeg',1542884586,NULL),
	(982867029,'综合果仁',18.3,34,'http://fuss10.elemecdn.com/c/4a/7ae17a57057c5c60b71aafee4bbffjpeg.jpeg',1542884586,NULL),
	(983203616,'莎士雷可鸡肉',25,1,'http://fuss10.elemecdn.com/c/15/7285e82e3780985a5f5cf8fb653cajpeg.jpeg',1542884585,NULL),
	(984760100,'莫斯科红菜汤',19,2,'http://fuss10.elemecdn.com/a/d0/57a5a91aa796e31bc7112e5a2a951jpeg.jpeg',1542884585,NULL),
	(984760725,'罐牛',79,6,'http://fuss10.elemecdn.com/3/c2/88297fa7411c2e6f879d232163742jpeg.jpeg',1542884585,NULL),
	(984765749,'胡椒焗秋葵',36,7,'http://fuss10.elemecdn.com/3/7a/1ee37e01a07723ddcdf826f43305bjpeg.jpeg',1542884585,NULL),
	(984770210,'经典考伯沙拉',48,4,'http://fuss10.elemecdn.com/2/b6/b5b3c38cf018757eb331ddf84ed2cjpeg.jpeg',1542884585,NULL),
	(984770774,'黑椒牛肉饭',39,7,'http://fuss10.elemecdn.com/c/53/2e68bdfc85f105400cc7de6adb52ajpeg.jpeg',1542884585,NULL),
	(984774998,'俄式拌香鸡',19,3,'http://fuss10.elemecdn.com/f/21/2c85d80e8465a92215b5af85537a3jpeg.jpeg',1542884585,NULL),
	(984775148,'酸黄瓜',19,4,'http://fuss10.elemecdn.com/e/ea/82a5824cb88fe4c19c1a0dbb4ce23jpeg.jpeg',1542884585,NULL),
	(984775358,'橄榄油炒时蔬',30,6,'http://fuss10.elemecdn.com/6/18/9b40268478ad769f82631583a0999jpeg.jpeg',1542884585,NULL),
	(984779601,'黒咧巴',22,1,'http://fuss10.elemecdn.com/3/4a/03d3b80c36705597b98095ae14b79jpeg.jpeg',1542884585,NULL),
	(984779674,'蔓越莓软包',10,1,'http://fuss10.elemecdn.com/3/74/4dcac4d6040fd6b069706e4bb805bjpeg.jpeg',1542884585,NULL),
	(984779944,'玉米南瓜汤',25,2,'http://fuss10.elemecdn.com/d/34/406542adaaef8653c7033710719d2jpeg.jpeg',1542884585,NULL),
	(984780049,'坚果果蔬沙拉',38,3,'http://fuss10.elemecdn.com/3/0e/bfecb965db76f178289bbb92cb8c0jpeg.jpeg',1542884585,NULL),
	(984780413,'俄式家常肉饼（猪肉）',48,5,'http://fuss10.elemecdn.com/6/61/4994c5fbeb3484b4e0832f4d252e5jpeg.jpeg',1542884585,NULL),
	(984780458,'黑菌鸡肉饼',59,5,'http://fuss10.elemecdn.com/1/81/993121c3fe0ff3e5df8fc7b0c0d56jpeg.jpeg',1542884585,NULL),
	(984781681,'大咧吧',22,2,'http://fuss10.elemecdn.com/7/5f/0967e67875f353d57696d186ad2bajpeg.jpeg',1542884585,NULL),
	(984782039,'奶香蘑菇汤',25,3,'http://fuss10.elemecdn.com/2/30/5fb5b7bd68793cb0fb211b4b6a99ejpeg.jpeg',1542884585,NULL),
	(984783015,'黑胡椒培根意面',38,7,'http://fuss10.elemecdn.com/e/ac/61943b26a46fa3957ed3f25fbb5c7jpeg.jpeg',1542884585,NULL),
	(984783288,'香肠大薄饼',78,8,'http://fuss10.elemecdn.com/3/1a/bc7e4e76dce1c9e22fe8982a6b5e7jpeg.jpeg',1542884585,NULL),
	(984783384,'什锦果香大薄饼',58,8,'http://fuss10.elemecdn.com/c/ef/9afec43eb19c4e04f7c5123916436jpeg.jpeg',1542884585,NULL),
	(984783671,'炸洋葱圈',28,10,'http://fuss10.elemecdn.com/d/78/cd0f793b76ac28771c60858b29b0fjpeg.jpeg',1542884585,NULL),
	(984783769,'炸鱼柳',28,10,'http://fuss10.elemecdn.com/4/64/b40d9dbcb61bcffba910bdb496a6bjpeg.jpeg',1542884585,NULL),
	(984786740,'枫糖软包',15,1,'http://fuss10.elemecdn.com/f/a5/cc0f7f45407355018762be52f686fjpeg.jpeg',1542884585,NULL),
	(984786987,'三色藜麦健康沙拉',38,3,'http://fuss10.elemecdn.com/2/ce/351a585a51f91221f37b05a557a4cjpeg.jpeg',1542884585,NULL),
	(984787409,'煎莫斯科香肠',62,5,'http://fuss10.elemecdn.com/f/57/348ab99290b06d2d65243aa6bb333jpeg.jpeg',1542884585,NULL),
	(984788007,'蜜鸡牛油果大薄饼',68,8,'http://fuss10.elemecdn.com/6/99/4be5f039d6bc63481b1a34cff9c0ajpeg.jpeg',1542884585,NULL),
	(984791116,'俄罗斯红肠',58,5,'http://fuss10.elemecdn.com/8/ed/dba84ccf04cccac8ba32905c8bc37jpeg.jpeg',1542884585,NULL),
	(984796012,'肉酱意面',38,8,'http://fuss10.elemecdn.com/e/63/a7f796833624ecc018cf0aeabdefdjpeg.jpeg',1542884585,NULL),
	(984796468,'喀秋莎蛋糕',38,9,'http://fuss10.elemecdn.com/b/bc/5cc31c3e373e7de3b79dd24301b74jpeg.jpeg',1542884585,NULL),
	(984796516,'基辅可可酥卷',38,10,'http://fuss10.elemecdn.com/e/f5/82f64b41d2c762c640501aac39830jpeg.jpeg',1542884585,NULL),
	(984801266,'榴莲披萨',58,9,'http://fuss10.elemecdn.com/e/fe/8f0b9958a4436e935c5770c64fb0bjpeg.jpeg',1542884585,NULL),
	(984806437,'炸薯条',18,11,'http://fuss10.elemecdn.com/8/67/ecf5874b09b555637cec117f7a66fjpeg.jpeg',1542884585,NULL),
	(984811029,'罗勒鲜虾大薄饼',88.2,8,'http://fuss10.elemecdn.com/3/97/1a0406fadac582d06b7c3fa4cec94jpeg.jpeg',1542884585,NULL),
	(984816145,'香炸鸡米花',32,10,'http://fuss10.elemecdn.com/8/de/4a21613fcde9a2891ba7b1790b5e3jpeg.jpeg',1542884585,NULL),
	(986774871,'霸王鸡盒（新）',40,40,'http://fuss10.elemecdn.com/5/b3/c93d9858787de45b8453a96ff6cb9jpeg.jpeg',1542884586,NULL),
	(986933299,'米饭',3,7,'',1542884585,NULL),
	(987835368,'大白菜',7,60,'http://fuss10.elemecdn.com/d/21/7c4a903d18d8466fd8fe174590e30jpeg.jpeg',1542884586,NULL),
	(987839869,'芝麻调和油',9,51,'http://fuss10.elemecdn.com/3/e4/fc953d96b74dbb7031a33fd46ee05jpeg.jpeg',1542884586,NULL),
	(987839878,'捞派滑牛肉',28,53,'http://fuss10.elemecdn.com/f/4b/50b4fcaa44a5f67bc97a35fcbb705jpeg.jpeg',1542884586,NULL),
	(987839891,'潮州肉丸',20,56,'http://fuss10.elemecdn.com/4/9b/03a14aa8aa28cbafec90884542338jpeg.jpeg',1542884586,NULL),
	(987839892,'招牌虾滑',29,55,'http://fuss10.elemecdn.com/5/b1/5531318b0c28c9450d8d85ff5537djpeg.jpeg',1542884586,NULL),
	(987839908,'水晶粉丝',12,58,'http://fuss10.elemecdn.com/0/d7/abb5482204eab13a4cf9c0d04cc4djpeg.jpeg',1542884586,NULL),
	(987839916,'生菜',9,59,'http://fuss10.elemecdn.com/e/e5/0164ae4abb39f75808607a808fd5cjpeg.jpeg',1542884586,NULL),
	(987839934,'雪碧听装',6,61,'http://fuss10.elemecdn.com/9/90/7ed377a5258dcce4bb9307015d960jpeg.jpeg',1542884586,NULL),
	(987844579,'捞派肥牛',30,52,'http://fuss10.elemecdn.com/9/ea/138d37640d52cdd31714665b10bb0jpeg.jpeg',1542884586,NULL),
	(987849101,'麻辣(2人食,小火锅专用)',21,48,'http://fuss10.elemecdn.com/1/cd/7802d18684566d1dc8fa1a89c292ajpeg.jpeg',1542884586,NULL),
	(987853440,'三鲜(2人食,小火锅专用)',21,48,'http://fuss10.elemecdn.com/1/13/b050adcd7062b2c00cd3c5db06e39jpeg.jpeg',1542884586,NULL),
	(987853448,'香菜',1,51,'http://fuss10.elemecdn.com/f/48/45300ed95dd9773e05e70c29476d3jpeg.jpeg',1542884586,NULL),
	(987853500,'王老吉',8,61,'http://fuss10.elemecdn.com/e/07/ca67ceced8cd38a1a0bd6c2f0849cjpeg.jpeg',1542884586,NULL),
	(987858243,'菌汤(2人食,小火锅专用)',21,48,'http://fuss10.elemecdn.com/2/eb/e61d527102bb2a463e6fa4843e7f6jpeg.jpeg',1542884586,NULL),
	(987858244,'芝麻酱',9,51,'http://fuss10.elemecdn.com/d/ea/d9e2ddefde571ee85a3bf7622b895jpeg.jpeg',1542884586,NULL),
	(987858300,'可口可乐',12,61,'http://fuss10.elemecdn.com/d/9a/24f3891b1a815a6d80c97e5b3ca03jpeg.jpeg',1542884586,NULL),
	(987858302,'果粒橙',14,61,'http://fuss10.elemecdn.com/3/e3/ac042c91891455f0a271dc60cefbejpeg.jpeg',1542884586,NULL),
	(987862090,'番茄(2人食,小火锅专用)',21,49,'http://fuss10.elemecdn.com/7/7b/b3b72ed2c099051d5f09c3ff19dadjpeg.jpeg',1542884586,NULL),
	(987862093,'豆花酱',9,51,'http://fuss10.elemecdn.com/3/94/71755781d58ac958d9f987a837495jpeg.jpeg',1542884586,NULL),
	(987862134,'油豆腐皮',12,58,'http://fuss10.elemecdn.com/0/6f/6e11a3ac0c0a6b92707d5ae80ab73jpeg.jpeg',1542884586,NULL),
	(987862138,'豆腐皮',12,58,'http://fuss10.elemecdn.com/4/46/c27a51df116c22169167e9616db24jpeg.jpeg',1542884586,NULL),
	(987862157,'可口可乐听装',6,61,'http://fuss10.elemecdn.com/c/14/e2c79166af536862326747a975eccjpeg.jpeg',1542884586,NULL),
	(987866784,'葱花',1,52,'http://fuss10.elemecdn.com/3/f4/1c60cae444d66d063de5f7f3677b3jpeg.jpeg',1542884586,NULL),
	(987866848,'伊都拉面',5,61,'http://fuss10.elemecdn.com/9/b6/bc9daf1e006cfd3b38672cede756djpeg.jpeg',1542884586,NULL),
	(987866851,'雪碧',12,62,'http://fuss10.elemecdn.com/6/e4/a43fe5dd25429f1c34c9c0891c6e2jpeg.jpeg',1542884586,NULL),
	(988075160,'小米锅巴一袋',1.05,35,'http://fuss10.elemecdn.com/e/cc/ce80fba6218c691a326cf33b6e6edjpeg.jpeg',1542884586,NULL),
	(988312735,'29.9感恩节鸡腿双堡套餐',29.9,40,'http://fuss10.elemecdn.com/c/fb/0f5a60ee70701e04019569e9ef5fbpng.png',1542884586,NULL),
	(988645681,'小小国王芝士牛肉堡餐',27,40,'http://fuss10.elemecdn.com/0/3e/7695e7b715d3db7d36c76a96cc0ecjpeg.jpeg',1542884586,NULL),
	(988673762,'小小国王鳕鱼堡餐',27,40,'http://fuss10.elemecdn.com/8/35/3eeb48c53bca5f68c46c3b72c9d0ejpeg.jpeg',1542884586,NULL),
	(1227658687,'芒果+红心火龙果 250g',24.8,22,'http://fuss10.elemecdn.com/f/1f/0e6ec5024900c1fb81cb1da25a379png.png',1542884586,NULL),
	(1227658761,'芒果+白心火龙果 250g起',24.8,22,'http://fuss10.elemecdn.com/2/87/ff8912d86b894fd2fb13e7d83032djpeg.jpeg',1542884586,NULL),
	(1227668673,'芒果+奇异果 300g起',24.8,22,'http://fuss10.elemecdn.com/5/e1/990a33057bf1129810fcc491ece23png.png',1542884586,NULL),
	(1227672104,'芒果+白心火龙果+蜜瓜 300g起',24.8,22,'http://fuss10.elemecdn.com/4/a1/8c1644881b77eefd60b89f0871f3ajpeg.jpeg',1542884586,NULL),
	(1227674943,'奇异果+红提+白心火龙果 300g起',24.8,22,'http://fuss10.elemecdn.com/4/a1/8c1644881b77eefd60b89f0871f3ajpeg.jpeg',1542884586,NULL),
	(1227675708,'芒果+圣女果+蜜瓜 300g起',24.8,22,'http://fuss10.elemecdn.com/4/a1/8c1644881b77eefd60b89f0871f3ajpeg.jpeg',1542884586,NULL),
	(1227675877,'红提+芒果+凤梨  300g起',24.8,22,'http://fuss10.elemecdn.com/9/ec/156e5c97194e3fc35422054069c89jpeg.jpeg',1542884586,NULL),
	(1227682465,'红心火龙果+奇异果+木瓜+芒果 500g起',34.8,22,'http://fuss10.elemecdn.com/f/8f/2b15d97fd3126f50a99d96fe0429ejpeg.jpeg',1542884586,NULL),
	(1227684249,'哈密瓜+白心火龙果 300g起',24.8,22,'http://fuss10.elemecdn.com/2/87/ff8912d86b894fd2fb13e7d83032djpeg.jpeg',1542884586,NULL),
	(1227684376,'木瓜+圣女果约300g起',24.8,22,'http://fuss10.elemecdn.com/2/87/ff8912d86b894fd2fb13e7d83032djpeg.jpeg',1542884586,NULL),
	(1227684963,'圣女果+白心火龙果+奇异果 300g起',24.8,22,'http://fuss10.elemecdn.com/4/a1/8c1644881b77eefd60b89f0871f3ajpeg.jpeg',1542884586,NULL),
	(1227685305,'芒果+奇异果+圣女果 300g起',24.8,22,'http://fuss10.elemecdn.com/4/a1/8c1644881b77eefd60b89f0871f3ajpeg.jpeg',1542884586,NULL),
	(1227685784,'红心火龙果+凤梨+蜜瓜 300g起',24.8,22,'http://fuss10.elemecdn.com/4/a1/8c1644881b77eefd60b89f0871f3ajpeg.jpeg',1542884586,NULL),
	(1227685794,'奇异果+红提+蜜瓜 300g',24.8,22,'http://fuss10.elemecdn.com/4/a1/8c1644881b77eefd60b89f0871f3ajpeg.jpeg',1542884586,NULL),
	(1227687177,'奇异果+红心火龙果+芒果+蜜瓜 400g起',32.8,22,'http://fuss10.elemecdn.com/2/da/f8748fab07eed03c9f3339db14e81png.png',1542884586,NULL),
	(1231828388,'(大杯)燕麥奶茶',22,45,'http://fuss10.elemecdn.com/1/41/db3b8f98ffd47de3f76a72689c4a4jpeg.jpeg',1542884586,NULL),
	(1231832973,'(中杯)燕麥奶茶',11,45,'http://fuss10.elemecdn.com/1/41/db3b8f98ffd47de3f76a72689c4a4jpeg.jpeg',1542884586,NULL),
	(1231833137,'四季春茶',7,42,'http://fuss10.elemecdn.com/f/40/36b649e9be8ff3280f9e210c211b3jpeg.jpeg',1542884586,NULL),
	(1231837211,'阿萨姆红茶',7,43,'http://fuss10.elemecdn.com/c/0f/35292695ee0fc1854c6e9cdbf5964jpeg.jpeg',1542884586,NULL),
	(1231837229,'冻顶乌龙茶',7,42,'http://fuss10.elemecdn.com/9/ee/0745cca664592047e55af90488e90jpeg.jpeg',1542884586,NULL),
	(1231841643,'茉莉绿茶',7,42,'http://fuss10.elemecdn.com/f/40/36b649e9be8ff3280f9e210c211b3jpeg.jpeg',1542884586,NULL),
	(1243085800,'猪脑花',22,54,'http://fuss10.elemecdn.com/0/91/78fc5ef3777198d5e63de437045cejpeg.jpeg',1542884586,NULL),
	(1243090615,'午餐肉',20,54,'http://fuss10.elemecdn.com/0/95/07626bd8eac15dfc0377de4fc2cbejpeg.jpeg',1542884586,NULL),
	(1243091042,'捞派黄喉',26,53,'http://fuss10.elemecdn.com/3/5f/db4f7a2f7ee775c42c46c9a57ce06jpeg.jpeg',1542884586,NULL),
	(1284792508,'甘肃静宁富士2个 400g起',7.48,24,'http://fuss10.elemecdn.com/a/c4/081982c12a6b5cf80c99361d5958djpeg.jpeg',1542884586,NULL),
	(1284792551,'赣南脐橙2个 ',24.8,29,'http://fuss10.elemecdn.com/d/c2/22fe383fc830587d28bc00f53e322jpeg.jpeg',1542884586,NULL),
	(1284796992,'冰糖心富士2个 400g起',24.8,24,'http://fuss10.elemecdn.com/0/d9/2bba88f696e70e479aa776e21dea2jpeg.jpeg',1542884586,NULL),
	(1284797039,'桂林金桔1份 300g起',10.34,28,'http://fuss10.elemecdn.com/3/16/5fc61b3084804ccd0165a7c766a43jpeg.jpeg',1542884586,NULL),
	(1284800071,'冰糖葡萄1份洗净盒装 300g',6.6,27,'http://fuss10.elemecdn.com/7/6b/d53aa4c3bb6e6381f34ef8d1412d0jpeg.jpeg',1542884586,NULL),
	(1284800105,'国产香蕉1份 460g-500g',6.4,24,'http://fuss10.elemecdn.com/8/09/4f65d076f035da775489eb2a34baejpeg.jpeg',1542884586,NULL),
	(1284804783,'山东红富士2个 480g起',26.8,24,'http://fuss10.elemecdn.com/6/1e/70e667d693ef07005b1b43266098cjpeg.jpeg',1542884586,NULL),
	(1284804848,'红提1份 300g起',7.68,28,'http://fuss10.elemecdn.com/9/3b/ce4b7dc48b6c0ae38765394ba6298jpeg.jpeg',1542884586,NULL),
	(1297215884,'玫瑰香葡萄1份 400g起',34.8,27,'http://fuss10.elemecdn.com/f/99/2aa9323da4c6a608ba457ab6c116djpeg.jpeg',1542884586,NULL),
	(1366901737,'霸王鸡条（鲜辣）',14,37,'http://fuss10.elemecdn.com/4/6b/17d7df740be1b6abb1522242a3ab2jpeg.jpeg',1542884586,NULL),
	(1366901742,'薯霸王(小)',10,37,'http://fuss10.elemecdn.com/0/21/57f9e87a40d2275627ee5e7a6f969jpeg.jpeg',1542884586,NULL),
	(1366901753,'霸王鸡盒A',36,37,'http://fuss10.elemecdn.com/a/70/eedc891900faf0c0f76899f09bd55jpeg.jpeg',1542884586,NULL),
	(1366901760,'港式奶茶(336ml)',11,38,'http://fuss10.elemecdn.com/7/85/0c5cc7cd63e993b293d6bb58bfa52png.png',1542884586,NULL),
	(1366905480,'王道嫩香鸡块',11,37,'http://fuss10.elemecdn.com/1/f1/ef33e89cc519bda6c1716d64df9bbjpeg.jpeg',1542884586,NULL),
	(1366905484,'薯霸王(大)',14,37,'http://fuss10.elemecdn.com/4/cb/53fd6f1557972a659a5f1652de443jpeg.jpeg',1542884586,NULL),
	(1366905508,'臻选豆浆(8oz)',8,38,'http://fuss10.elemecdn.com/a/82/aee6188d7fa5a2e566604af744ebajpeg.jpeg',1542884586,NULL),
	(1366905517,'百事可乐（瓶）',10,38,'http://fuss10.elemecdn.com/a/2c/650eb72c49cb6bd3b447ab65aaba0png.png',1542884586,NULL),
	(1366910027,'薯霸王(中)',12.5,37,'http://fuss10.elemecdn.com/5/af/53e1263b21a2cf557723b356d482bjpeg.jpeg',1542884586,NULL),
	(1366910047,'百事杯装七喜（大杯）',12,38,'http://fuss10.elemecdn.com/2/46/df9eae6a003792f8ad7f4b12596abjpeg.jpeg',1542884586,NULL),
	(1366910052,'卡曼橘果泡饮(448ml)',11,38,'http://fuss10.elemecdn.com/a/7f/654e68f0bbfa97920f9bb36c6a574png.png',1542884586,NULL),
	(1387799194,'瘦身水果沙拉',32.8,20,'http://fuss10.elemecdn.com/a/d6/aac472b25427f5495bee0f3f49a30jpeg.jpeg',1542884586,NULL),
	(1392961228,'章鱼小丸子（三个）',9,15,'http://fuss10.elemecdn.com/e/2a/19724b71d8c497ff7477fc3dfe1cfjpeg.jpeg',1542884585,NULL),
	(1434914930,'网红辣辣辣小料',23,51,'http://fuss10.elemecdn.com/3/97/b856787ecddf12b43352a59d80500jpeg.jpeg',1542884586,NULL),
	(1677138211,'周三半价独享套餐',42.5,40,'http://fuss10.elemecdn.com/7/6f/73a78b9cccceb8abfe3f94287e2cajpeg.jpeg',1542884586,NULL);

/*!40000 ALTER TABLE `food` ENABLE KEYS */;
UNLOCK TABLES;


# Dump of table order
# ------------------------------------------------------------

DROP TABLE IF EXISTS `order`;

CREATE TABLE `order` (
  `id` int(11) unsigned NOT NULL AUTO_INCREMENT,
  `room_id` int(11) NOT NULL,
  `waiter_id` int(11) NOT NULL,
  `food_list` json NOT NULL,
  `total_price` double unsigned NOT NULL DEFAULT '0',
  `status` tinyint(4) NOT NULL,
  `create_at` int(11) NOT NULL,
  `finish_at` int(11) DEFAULT NULL,
  `delete_at` int(11) DEFAULT NULL,
  PRIMARY KEY (`id`)
) ENGINE=InnoDB DEFAULT CHARSET=utf8mb4 COLLATE=utf8mb4_unicode_ci;

LOCK TABLES `order` WRITE;
/*!40000 ALTER TABLE `order` DISABLE KEYS */;

INSERT INTO `order` (`id`, `room_id`, `waiter_id`, `food_list`, `total_price`, `status`, `create_at`, `finish_at`, `delete_at`)
VALUES
	(5,1,1,'[{\"Id\": 38947723, \"Name\": \"皇堡套餐\", \"Count\": 2, \"UnitPrice\": 39.0}]',78,1,1542958943,0,0);

/*!40000 ALTER TABLE `order` ENABLE KEYS */;
UNLOCK TABLES;


# Dump of table room
# ------------------------------------------------------------

DROP TABLE IF EXISTS `room`;

CREATE TABLE `room` (
  `id` int(11) unsigned NOT NULL AUTO_INCREMENT,
  `name` varchar(50) CHARACTER SET utf8mb4 COLLATE utf8mb4_unicode_ci NOT NULL DEFAULT '',
  `floor` tinyint(4) unsigned NOT NULL,
  `status` tinyint(4) DEFAULT NULL,
  `last_update_at` int(11) DEFAULT NULL,
  `create_at` int(11) NOT NULL,
  `delete_at` int(11) DEFAULT NULL,
  PRIMARY KEY (`id`)
) ENGINE=InnoDB DEFAULT CHARSET=utf8mb4 COLLATE=utf8mb4_unicode_ci;

LOCK TABLES `room` WRITE;
/*!40000 ALTER TABLE `room` DISABLE KEYS */;

INSERT INTO `room` (`id`, `name`, `floor`, `status`, `last_update_at`, `create_at`, `delete_at`)
VALUES
	(1,'101',1,1,1542810220,1542810220,0),
	(2,'102',1,1,1542810220,1542810220,0),
	(3,'103',1,1,1542810220,1542810220,0),
	(4,'104',1,1,1542810220,1542810220,0),
	(5,'105',1,1,1542810220,1542810220,0),
	(6,'106',1,1,1542810220,1542810220,0),
	(7,'107',1,1,1542810220,1542810220,0),
	(8,'108',1,1,1542810220,1542810220,0),
	(9,'109',1,1,1542810220,1542810220,0),
	(10,'110',1,1,1542958483,1542810220,0),
	(11,'111',1,1,1542810220,1542810220,0),
	(12,'112',1,1,1542810220,1542810220,0),
	(13,'113',1,1,1542810220,1542810220,0),
	(14,'114',1,1,1542810220,1542810220,0),
	(15,'115',1,1,1542810220,1542810220,0),
	(16,'201',2,1,1542810220,1542810220,0),
	(17,'202',2,1,1542810220,1542810220,0),
	(18,'203',2,1,1542810220,1542810220,0),
	(19,'204',2,1,1542810220,1542810220,0),
	(20,'205',2,1,1542810220,1542810220,0),
	(21,'206',2,1,1542810220,1542810220,0),
	(22,'207',2,1,1542810220,1542810220,0),
	(23,'208',2,1,1542810220,1542810220,0),
	(24,'209',2,1,1542810220,1542810220,0),
	(25,'210',2,1,1542810220,1542810220,0),
	(26,'211',2,1,1542810220,1542810220,0),
	(27,'212',2,1,1542810220,1542810220,0),
	(28,'213',2,1,1542810220,1542810220,0),
	(29,'214',2,1,1542810220,1542810220,0),
	(30,'215',2,1,1542810220,1542810220,0),
	(31,'301',3,1,1542810220,1542810220,0),
	(32,'302',3,1,1542810220,1542810220,0),
	(33,'303',3,1,1542810220,1542810220,0),
	(34,'304',3,1,1542810220,1542810220,0),
	(35,'305',3,1,1542810220,1542810220,0),
	(36,'306',3,1,1542810220,1542810220,0),
	(37,'307',3,1,1542810220,1542810220,0),
	(38,'308',3,1,1542810220,1542810220,0),
	(39,'309',3,1,1542810220,1542810220,0),
	(40,'310',3,1,1542810220,1542810220,0),
	(41,'311',3,1,1542810220,1542810220,0),
	(42,'312',3,1,1542810220,1542810220,0),
	(43,'313',3,1,1542810220,1542810220,0),
	(44,'314',3,1,1542810220,1542810220,0),
	(45,'315',3,1,1542810220,1542810220,0),
	(46,'401',4,1,1542810220,1542810220,0),
	(47,'402',4,1,1542810220,1542810220,0),
	(48,'403',4,1,1542810220,1542810220,0),
	(49,'404',4,1,1542810220,1542810220,0),
	(50,'405',4,1,1542810220,1542810220,0),
	(51,'406',4,1,1542810220,1542810220,0),
	(52,'407',4,1,1542810220,1542810220,0),
	(53,'408',4,1,1542810220,1542810220,0),
	(54,'409',4,1,1542810220,1542810220,0),
	(55,'410',4,1,1542810220,1542810220,0),
	(56,'411',4,1,1542810220,1542810220,0),
	(57,'412',4,1,1542810220,1542810220,0),
	(58,'413',4,1,1542810220,1542810220,0),
	(59,'414',4,1,1542810220,1542810220,0),
	(60,'415',4,1,1542810220,1542810220,0),
	(61,'501',5,1,1542810220,1542810220,0),
	(62,'502',5,1,1542810220,1542810220,0),
	(63,'503',5,1,1542810220,1542810220,0),
	(64,'504',5,1,1542810220,1542810220,0),
	(65,'505',5,1,1542810220,1542810220,0),
	(66,'506',5,1,1542810220,1542810220,0),
	(67,'507',5,1,1542810220,1542810220,0),
	(68,'508',5,1,1542810220,1542810220,0),
	(69,'509',5,1,1542810220,1542810220,0),
	(70,'510',5,1,1542810220,1542810220,0),
	(71,'511',5,1,1542810220,1542810220,0),
	(72,'512',5,1,1542810220,1542810220,0),
	(73,'513',5,1,1542810220,1542810220,0),
	(74,'514',5,1,1542810220,1542810220,0),
	(75,'515',5,1,1542810220,1542810220,0),
	(76,'601',6,1,1542810220,1542810220,0),
	(77,'602',6,1,1542810220,1542810220,0),
	(78,'603',6,1,1542810220,1542810220,0),
	(79,'604',6,1,1542810220,1542810220,0),
	(80,'605',6,1,1542810220,1542810220,0),
	(81,'606',6,1,1542810220,1542810220,0),
	(82,'607',6,1,1542810220,1542810220,0),
	(83,'608',6,1,1542810220,1542810220,0),
	(84,'609',6,1,1542810220,1542810220,0),
	(85,'610',6,1,1542810220,1542810220,0),
	(86,'611',6,1,1542810220,1542810220,0),
	(87,'612',6,1,1542810220,1542810220,0),
	(88,'613',6,1,1542810220,1542810220,0),
	(89,'614',6,1,1542810220,1542810220,0),
	(90,'615',6,1,1542810220,1542810220,0),
	(91,'701',7,1,1542810220,1542810220,0),
	(92,'702',7,1,1542810220,1542810220,0),
	(93,'703',7,1,1542810220,1542810220,0),
	(94,'704',7,1,1542810220,1542810220,0),
	(95,'705',7,1,1542810220,1542810220,0),
	(96,'706',7,1,1542810220,1542810220,0),
	(97,'707',7,1,1542810220,1542810220,0),
	(98,'708',7,1,1542810220,1542810220,0),
	(99,'709',7,1,1542810220,1542810220,0),
	(100,'710',7,1,1542810220,1542810220,0),
	(101,'711',7,1,1542810220,1542810220,0),
	(102,'712',7,1,1542810220,1542810220,0),
	(103,'713',7,1,1542810220,1542810220,0),
	(104,'714',7,1,1542810220,1542810220,0),
	(105,'715',7,1,1542810220,1542810220,0),
	(106,'801',8,1,1542810220,1542810220,0),
	(107,'802',8,1,1542810220,1542810220,0),
	(108,'803',8,1,1542810220,1542810220,0),
	(109,'804',8,1,1542810220,1542810220,0),
	(110,'805',8,1,1542810220,1542810220,0),
	(111,'806',8,1,1542810220,1542810220,0),
	(112,'807',8,1,1542810220,1542810220,0),
	(113,'808',8,1,1542810220,1542810220,0),
	(114,'809',8,1,1542810220,1542810220,0),
	(115,'810',8,1,1542810220,1542810220,0),
	(116,'811',8,1,1542810220,1542810220,0),
	(117,'812',8,1,1542810220,1542810220,0),
	(118,'813',8,1,1542810220,1542810220,0),
	(119,'814',8,1,1542810220,1542810220,0),
	(120,'815',8,1,1542810220,1542810220,0),
	(121,'901',9,1,1542810220,1542810220,0),
	(122,'902',9,1,1542810220,1542810220,0),
	(123,'903',9,1,1542810220,1542810220,0),
	(124,'904',9,1,1542810220,1542810220,0),
	(125,'905',9,1,1542810220,1542810220,0),
	(126,'906',9,1,1542810220,1542810220,0),
	(127,'907',9,1,1542810220,1542810220,0),
	(128,'908',9,1,1542810220,1542810220,0),
	(129,'909',9,1,1542810220,1542810220,0),
	(130,'910',9,1,1542810220,1542810220,0),
	(131,'911',9,1,1542810220,1542810220,0),
	(132,'912',9,1,1542810220,1542810220,0),
	(133,'913',9,1,1542810220,1542810220,0),
	(134,'914',9,1,1542810220,1542810220,0),
	(135,'915',9,1,1542810220,1542810220,0),
	(136,'1001',10,1,1542810220,1542810220,0),
	(137,'1002',10,1,1542810220,1542810220,0),
	(138,'1003',10,1,1542810220,1542810220,0),
	(139,'1004',10,1,1542810220,1542810220,0),
	(140,'1005',10,1,1542810220,1542810220,0),
	(141,'1006',10,1,1542810220,1542810220,0),
	(142,'1007',10,1,1542810220,1542810220,0),
	(143,'1008',10,1,1542810220,1542810220,0),
	(144,'1009',10,1,1542810220,1542810220,0),
	(145,'1010',10,1,1542810220,1542810220,0),
	(146,'1011',10,1,1542810220,1542810220,0),
	(147,'1012',10,1,1542810220,1542810220,0),
	(148,'1013',10,1,1542810220,1542810220,0),
	(149,'1014',10,1,1542810220,1542810220,0),
	(150,'1015',10,1,1542810220,1542810220,0),
	(151,'1101',11,1,1542810220,1542810220,0),
	(152,'1102',11,1,1542810220,1542810220,0),
	(153,'1103',11,1,1542810220,1542810220,0),
	(154,'1104',11,1,1542810220,1542810220,0),
	(155,'1105',11,1,1542810220,1542810220,0),
	(156,'1106',11,1,1542810220,1542810220,0),
	(157,'1107',11,1,1542810220,1542810220,0),
	(158,'1108',11,1,1542810220,1542810220,0),
	(159,'1109',11,1,1542810220,1542810220,0),
	(160,'1110',11,1,1542810220,1542810220,0),
	(161,'1111',11,1,1542810220,1542810220,0),
	(162,'1112',11,1,1542810220,1542810220,0),
	(163,'1113',11,1,1542810220,1542810220,0),
	(164,'1114',11,1,1542810220,1542810220,0),
	(165,'1115',11,1,1542810220,1542810220,0),
	(166,'1201',12,1,1542810220,1542810220,0),
	(167,'1202',12,1,1542810220,1542810220,0),
	(168,'1203',12,1,1542810220,1542810220,0),
	(169,'1204',12,1,1542810220,1542810220,0),
	(170,'1205',12,1,1542810220,1542810220,0),
	(171,'1206',12,1,1542810220,1542810220,0),
	(172,'1207',12,1,1542810220,1542810220,0),
	(173,'1208',12,1,1542810220,1542810220,0),
	(174,'1209',12,1,1542810220,1542810220,0),
	(175,'1210',12,1,1542810220,1542810220,0),
	(176,'1211',12,1,1542810220,1542810220,0),
	(177,'1212',12,1,1542810220,1542810220,0),
	(178,'1213',12,1,1542810220,1542810220,0),
	(179,'1214',12,1,1542810220,1542810220,0),
	(180,'1215',12,1,1542810220,1542810220,0),
	(181,'1301',13,1,1542810220,1542810220,0),
	(182,'1302',13,1,1542810220,1542810220,0),
	(183,'1303',13,1,1542810220,1542810220,0),
	(184,'1304',13,1,1542810220,1542810220,0),
	(185,'1305',13,1,1542810220,1542810220,0),
	(186,'1306',13,1,1542810220,1542810220,0),
	(187,'1307',13,1,1542810220,1542810220,0),
	(188,'1308',13,1,1542810220,1542810220,0),
	(189,'1309',13,1,1542810220,1542810220,0),
	(190,'1310',13,1,1542810220,1542810220,0),
	(191,'1311',13,1,1542810220,1542810220,0),
	(192,'1312',13,1,1542810220,1542810220,0),
	(193,'1313',13,1,1542810220,1542810220,0),
	(194,'1314',13,1,1542810220,1542810220,0),
	(195,'1315',13,1,1542810220,1542810220,0),
	(196,'1401',14,1,1542810220,1542810220,0),
	(197,'1402',14,1,1542810220,1542810220,0),
	(198,'1403',14,1,1542810220,1542810220,0),
	(199,'1404',14,1,1542810220,1542810220,0),
	(200,'1405',14,1,1542810220,1542810220,0),
	(201,'1406',14,1,1542810220,1542810220,0),
	(202,'1407',14,1,1542810220,1542810220,0),
	(203,'1408',14,1,1542810220,1542810220,0),
	(204,'1409',14,1,1542810220,1542810220,0),
	(205,'1410',14,1,1542810220,1542810220,0),
	(206,'1411',14,1,1542810220,1542810220,0),
	(207,'1412',14,1,1542810220,1542810220,0),
	(208,'1413',14,1,1542810220,1542810220,0),
	(209,'1414',14,1,1542810220,1542810220,0),
	(210,'1415',14,1,1542810220,1542810220,0),
	(211,'1501',15,1,1542810220,1542810220,0),
	(212,'1502',15,1,1542810220,1542810220,0),
	(213,'1503',15,1,1542810220,1542810220,0),
	(214,'1504',15,1,1542810220,1542810220,0),
	(215,'1505',15,1,1542810220,1542810220,0),
	(216,'1506',15,1,1542810220,1542810220,0),
	(217,'1507',15,1,1542810220,1542810220,0),
	(218,'1508',15,1,1542810220,1542810220,0),
	(219,'1509',15,1,1542810220,1542810220,0),
	(220,'1510',15,1,1542810220,1542810220,0),
	(221,'1511',15,1,1542810220,1542810220,0),
	(222,'1512',15,1,1542810220,1542810220,0),
	(223,'1513',15,1,1542810220,1542810220,0),
	(224,'1514',15,1,1542810220,1542810220,0),
	(225,'1515',15,1,1542810220,1542810220,0),
	(226,'1601',16,1,1542810220,1542810220,0),
	(227,'1602',16,1,1542810220,1542810220,0),
	(228,'1603',16,1,1542810220,1542810220,0),
	(229,'1604',16,1,1542810220,1542810220,0),
	(230,'1605',16,1,1542810220,1542810220,0),
	(231,'1606',16,1,1542810220,1542810220,0),
	(232,'1607',16,1,1542810220,1542810220,0),
	(233,'1608',16,1,1542810220,1542810220,0),
	(234,'1609',16,1,1542810220,1542810220,0),
	(235,'1610',16,1,1542810220,1542810220,0),
	(236,'1611',16,1,1542810220,1542810220,0),
	(237,'1612',16,1,1542810220,1542810220,0),
	(238,'1613',16,1,1542810220,1542810220,0),
	(239,'1614',16,1,1542810220,1542810220,0),
	(240,'1615',16,1,1542810220,1542810220,0),
	(241,'1701',17,1,1542810220,1542810220,0),
	(242,'1702',17,1,1542810220,1542810220,0),
	(243,'1703',17,1,1542810220,1542810220,0),
	(244,'1704',17,1,1542810220,1542810220,0),
	(245,'1705',17,1,1542810220,1542810220,0),
	(246,'1706',17,1,1542810220,1542810220,0),
	(247,'1707',17,1,1542810220,1542810220,0),
	(248,'1708',17,1,1542810220,1542810220,0),
	(249,'1709',17,1,1542810220,1542810220,0),
	(250,'1710',17,1,1542810220,1542810220,0),
	(251,'1711',17,1,1542810220,1542810220,0),
	(252,'1712',17,1,1542810220,1542810220,0),
	(253,'1713',17,1,1542810220,1542810220,0),
	(254,'1714',17,1,1542810220,1542810220,0),
	(255,'1715',17,1,1542810220,1542810220,0),
	(256,'1801',18,1,1542810220,1542810220,0),
	(257,'1802',18,1,1542810220,1542810220,0),
	(258,'1803',18,1,1542810220,1542810220,0),
	(259,'1804',18,1,1542810220,1542810220,0),
	(260,'1805',18,1,1542810220,1542810220,0),
	(261,'1806',18,1,1542810220,1542810220,0),
	(262,'1807',18,1,1542810220,1542810220,0),
	(263,'1808',18,1,1542810220,1542810220,0),
	(264,'1809',18,1,1542810220,1542810220,0),
	(265,'1810',18,1,1542810220,1542810220,0),
	(266,'1811',18,1,1542810220,1542810220,0),
	(267,'1812',18,1,1542810220,1542810220,0),
	(268,'1813',18,1,1542810220,1542810220,0),
	(269,'1814',18,1,1542810220,1542810220,0),
	(270,'1815',18,1,1542810220,1542810220,0),
	(271,'1901',19,1,1542810220,1542810220,0),
	(272,'1902',19,1,1542810220,1542810220,0),
	(273,'1903',19,1,1542810220,1542810220,0),
	(274,'1904',19,1,1542810220,1542810220,0),
	(275,'1905',19,1,1542810220,1542810220,0),
	(276,'1906',19,1,1542810220,1542810220,0),
	(277,'1907',19,1,1542810220,1542810220,0),
	(278,'1908',19,1,1542810220,1542810220,0),
	(279,'1909',19,1,1542810220,1542810220,0),
	(280,'1910',19,1,1542810220,1542810220,0),
	(281,'1911',19,1,1542810220,1542810220,0),
	(282,'1912',19,1,1542810220,1542810220,0),
	(283,'1913',19,1,1542810220,1542810220,0),
	(284,'1914',19,1,1542810220,1542810220,0),
	(285,'1915',19,1,1542810220,1542810220,0),
	(286,'2001',20,1,1542810220,1542810220,0),
	(287,'2002',20,1,1542810220,1542810220,0),
	(288,'2003',20,1,1542810220,1542810220,0),
	(289,'2004',20,1,1542810220,1542810220,0),
	(290,'2005',20,1,1542810220,1542810220,0),
	(291,'2006',20,1,1542810220,1542810220,0),
	(292,'2007',20,1,1542810220,1542810220,0),
	(293,'2008',20,1,1542810220,1542810220,0),
	(294,'2009',20,1,1542810220,1542810220,0),
	(295,'2010',20,1,1542810220,1542810220,0),
	(296,'2011',20,1,1542810220,1542810220,0),
	(297,'2012',20,1,1542810220,1542810220,0),
	(298,'2013',20,1,1542810220,1542810220,0),
	(299,'2014',20,1,1542810220,1542810220,0),
	(300,'2015',20,1,1542810220,1542810220,0);

/*!40000 ALTER TABLE `room` ENABLE KEYS */;
UNLOCK TABLES;


# Dump of table room_history
# ------------------------------------------------------------

DROP TABLE IF EXISTS `room_history`;

CREATE TABLE `room_history` (
  `id` int(11) unsigned NOT NULL AUTO_INCREMENT,
  `room_id` int(11) NOT NULL,
  `waiter_id` int(11) DEFAULT NULL,
  `name` varchar(255) CHARACTER SET utf8mb4 COLLATE utf8mb4_unicode_ci NOT NULL DEFAULT '',
  `status` tinyint(4) NOT NULL,
  `create_at` int(11) NOT NULL,
  `delete_at` int(11) DEFAULT NULL,
  PRIMARY KEY (`id`)
) ENGINE=InnoDB DEFAULT CHARSET=utf8mb4 COLLATE=utf8mb4_unicode_ci;

LOCK TABLES `room_history` WRITE;
/*!40000 ALTER TABLE `room_history` DISABLE KEYS */;

INSERT INTO `room_history` (`id`, `room_id`, `waiter_id`, `name`, `status`, `create_at`, `delete_at`)
VALUES
	(1,10,1,'110',2,1542958454,0),
	(2,10,1,'110',1,1542958483,0);

/*!40000 ALTER TABLE `room_history` ENABLE KEYS */;
UNLOCK TABLES;


# Dump of table user
# ------------------------------------------------------------

DROP TABLE IF EXISTS `user`;

CREATE TABLE `user` (
  `id` int(11) unsigned NOT NULL AUTO_INCREMENT,
  `username` varchar(255) CHARACTER SET utf8mb4 COLLATE utf8mb4_unicode_ci NOT NULL DEFAULT '',
  `password` varchar(255) CHARACTER SET utf8mb4 COLLATE utf8mb4_unicode_ci NOT NULL DEFAULT '',
  `salt` varchar(255) CHARACTER SET utf8mb4 COLLATE utf8mb4_unicode_ci NOT NULL DEFAULT '',
  `type` tinyint(4) DEFAULT NULL,
  `create_at` int(11) NOT NULL,
  `delete_at` int(11) DEFAULT NULL,
  `last_login_at` int(11) DEFAULT NULL,
  PRIMARY KEY (`id`)
) ENGINE=InnoDB DEFAULT CHARSET=utf8mb4 COLLATE=utf8mb4_unicode_ci;

LOCK TABLES `user` WRITE;
/*!40000 ALTER TABLE `user` DISABLE KEYS */;

INSERT INTO `user` (`id`, `username`, `password`, `salt`, `type`, `create_at`, `delete_at`, `last_login_at`)
VALUES
	(1,'waiter','yVsRpgDpU7tYNEeistCz9sB/+QONw1pnS/8gXOs0LTk=','AHSeP7re7l1zaR/uUjJ4wA==',2,1542777917,0,0);

/*!40000 ALTER TABLE `user` ENABLE KEYS */;
UNLOCK TABLES;



/*!40111 SET SQL_NOTES=@OLD_SQL_NOTES */;
/*!40101 SET SQL_MODE=@OLD_SQL_MODE */;
/*!40014 SET FOREIGN_KEY_CHECKS=@OLD_FOREIGN_KEY_CHECKS */;
/*!40101 SET CHARACTER_SET_CLIENT=@OLD_CHARACTER_SET_CLIENT */;
/*!40101 SET CHARACTER_SET_RESULTS=@OLD_CHARACTER_SET_RESULTS */;
/*!40101 SET COLLATION_CONNECTION=@OLD_COLLATION_CONNECTION */;
